0.008166069,0.016033469,0.015331923,0.030772984,0.007100556,0.0057676947,0.00942175,0.016836582,0.008236573,0.0068508326,0.008692862,0.008561661,0.0041020294,0.007153151,0.019223781,0.022107888,0.012829037,0.0067069824,0.006331668,0.0065779416,0.007157242,0.0062810597,0.005990711,0.003781597,0.005031799,0.006893354,0.010035726,0.0054276073,0.007521753,0.024137553,0.022925436,0.011914319,0.0046858513,0.018679375,0.012030405,0.01599024,0.01008953,0.012879891,0.008265498,0.010576572,0.014233469,0.004021147,0.0075015803,0.007628838,0.0070585897,0.0038230817,0.0076146303,0.0117679695,0.018588305,0.014252333,0.01341623,0.03457686,0.0078997975,0.023897948,0.011632609,0.014115532,0.011171714,0.011422442,0.0081474,0.01122471,0.0080051655,0.016381264,0.024634419,0.011125955,0.004484043,0.00778116,0.019774435,0.008109496,0.017962066,0.015647236,0.017104391,0.015332777,0.013635784,0.013334864,0.023913108,0.013179665,0.027675884,0.0070170327,0.0132037215,0.009104864,0.014693028,0.023088405,0.009783227,0.021076713,0.01797818,0.013496543,0.0097298715,0.011511714,0.0071610394,0.006559659,0.0064628734,0.014352728
0.018534651,0.03757379,0.028533064,0.015181976,0.009516573,0.007609334,0.06561914,0.05286645,0.057202406,0.036871567,0.032348547,0.023182753,0.014301933,0.009116313,0.008916695,0.013246716,0.01647088,0.015207475,0.012014636,0.011124986,0.012551415,0.02744358,0.013378591,0.009660678,0.0118644,0.014553941,0.020803202,0.02334108,0.03402706,0.014480683,0.013071654,0.01859889,0.020618582,0.035547204,0.010637154,0.01430588,0.026779667,0.0107474,0.01639677,0.034703396,0.020636057,0.0074955854,0.013831823,0.01300277,0.015774056,0.012134103,0.049077712,0.02368819,0.023216756,0.03171891,0.023039047,0.042149696,0.03583557,0.108669795,0.06830325,0.031386066,0.010766261,0.014535725,0.016948067,0.022470165,0.018521497,0.037840784,0.023982985,0.03059587,0.020596616,0.029439528,0.047703497,0.02096421,0.0149932755,0.011627202,0.016447771,0.026434908,0.01609975,0.011139737,0.01651809,0.016782489,0.033138376,0.024769638,0.20192875,0.031126315,0.018190375,0.009369973,0.041709963,0.018504111,0.022042448,0.02546302,0.026771562,0.05270592,0.012347475,0.018244756,0.015469216,0.029656207
0.021943074,0.023497634,0.027570967,0.020814555,0.006092059,0.008722547,0.019008739,0.021473253,0.016569888,0.014896673,0.011344392,0.020808266,0.008214244,0.00791938,0.009121975,0.008328594,0.006620317,0.0048292438,0.006365309,0.0059600435,0.011579396,0.0063921665,0.012228343,0.010208244,0.011704407,0.008542499,0.008761807,0.0062072016,0.008796072,0.00796956,0.010333722,0.01283163,0.0068507018,0.013550126,0.0067102015,0.020510646,0.0134787485,0.012858418,0.013079398,0.03634442,0.042721685,0.009350284,0.015277167,0.009152174,0.0138583975,0.010429819,0.009584659,0.011290969,0.009881065,0.009095871,0.021436658,0.010722335,0.006770226,0.06463441,0.013022093,0.011283305,0.0027208915,0.009746685,0.00997986,0.015776938,0.013103081,0.017211767,0.016519671,0.01530168,0.0104749035,0.007697772,0.028262934,0.010081068,0.013251157,0.014297726,0.017848887,0.02219072,0.016654449,0.014982341,0.017343534,0.017276298,0.010664214,0.0058321008,0.028902235,0.0071159014,0.0079873875,0.009031131,0.0078685805,0.01377572,0.011454485,0.010711391,0.022271823,0.025633603,0.0093104495,0.013363572,0.011876471,0.013324049
0.014726625,0.015360715,0.0126574095,0.0068439012,0.007744592,0.0054791765,0.007952073,0.0061667636,0.0086281095,0.0070169107,0.0053476887,0.009897321,0.0061905016,0.00601142,0.0062802806,0.014237349,0.01282164,0.007294418,0.006882536,0.004106459,0.008950269,0.007971751,0.007775595,0.004421327,0.0070768707,0.0061490457,0.004155975,0.012150226,0.012058111,0.0227827,0.021243773,0.012431869,0.0056859935,0.014128656,0.017701993,0.04283017,0.031017173,0.07985252,0.047842514,0.01861795,0.028621366,0.011185442,0.019893644,0.023670841,0.009627813,0.008393955,0.008736193,0.010431769,0.006295767,0.005858673,0.009085753,0.033175573,0.011412897,0.07501291,0.023257779,0.015265091,0.006769202,0.006767979,0.009476257,0.010711641,0.007324812,0.019727303,0.043272093,0.025016056,0.01005248,0.01193699,0.022565406,0.01192816,0.029136905,0.015977813,0.056785986,0.026995359,0.018615386,0.018239321,0.035592422,0.013642538,0.008904497,0.0059385076,0.044034787,0.011041006,0.0071311686,0.0077463957,0.014262529,0.01541229,0.011686034,0.008535596,0.006828674,0.013222418,0.0051000654,0.007252592,0.0061492743,0.017654937
0.048382327,0.10934551,0.042259045,0.055616375,0.045996588,0.014790709,0.09891298,0.10139719,0.12132927,0.023289097,0.07692374,0.089757465,0.027896281,0.010483684,0.07880022,0.040537726,0.04901256,0.0377251,0.03398087,0.015806306,0.020870673,0.04888673,0.06885641,0.032217883,0.012828498,0.017640917,0.021225682,0.07455386,0.031238211,0.064911604,0.05947904,0.045051336,0.013236528,0.034984093,0.06573464,0.061424058,0.038320575,0.06297852,0.058637965,0.03523671,0.10976226,0.03233351,0.03582959,0.038528293,0.07082329,0.07887109,0.08878047,0.0371749,0.07767203,0.06440726,0.03590153,0.062306967,0.03982771,0.31400868,0.033564746,0.047763653,0.036800317,0.046574287,0.032099005,0.0344525,0.064477384,0.05056511,0.06033132,0.061376985,0.023012351,0.05143999,0.13575913,0.042294618,0.07022723,0.030142784,0.04210636,0.0746629,0.03683662,0.026829042,0.074684896,0.07425205,0.08912131,0.03894608,0.336653,0.021592958,0.04226875,0.071535364,0.02829085,0.029973105,0.031357724,0.04754313,0.02853149,0.24379782,0.039897434,0.049514454,0.012246092,0.051800516
0.12271633,0.0692963,0.023284236,0.028238665,0.08789956,0.006130032,0.082728066,0.17451109,0.09730479,0.017144334,0.069634385,0.06549701,0.025275791,0.0074681668,0.036635425,0.028177077,0.035139672,0.016302254,0.023417093,0.0064053442,0.0072870194,0.024874449,0.037911467,0.024222272,0.00590294,0.009723318,0.011297901,0.031988364,0.024721928,0.027627617,0.060153183,0.1966849,0.006642429,0.012057028,0.09220554,0.08771285,0.013147383,0.022098942,0.027776964,0.022944978,0.060379878,0.035987712,0.011983358,0.024635138,0.046071548,0.02219164,0.08257424,0.04838598,0.103493184,0.06537955,0.03360285,0.08666187,0.014840051,0.089994624,0.007952276,0.021428633,0.023900662,0.028478958,0.028167823,0.01907834,0.044357505,0.029422307,0.024044763,0.042482026,0.005828768,0.026206575,0.1085993,0.008899599,0.018972624,0.0107721565,0.018275792,0.0433339,0.006320024,0.006135108,0.043707963,0.04844486,0.035804227,0.009986937,0.0840004,0.005978247,0.014866031,0.011633326,0.011602891,0.016902663,0.010199728,0.0154000465,0.016885696,0.06717218,0.041885342,0.012955983,0.005611998,0.029101105
0.16432457,0.13278702,0.08367711,0.065867335,0.08337281,0.02859037,0.18251584,0.38745236,0.30972025,0.10678803,0.1316304,0.09823811,0.05347824,0.024413666,0.038481973,0.03807505,0.03899521,0.02350917,0.029923761,0.016227277,0.012912048,0.04489942,0.037477214,0.017520577,0.025300944,0.023070745,0.00788553,0.021924669,0.04341083,0.062456816,0.039289895,0.039298672,0.013934964,0.014586587,0.032027133,0.035847664,0.030069258,0.014193862,0.023101684,0.024741322,0.038646914,0.01590404,0.02021272,0.010150296,0.030930962,0.033482064,0.027551046,0.018725166,0.025888417,0.03603419,0.028404774,0.10047985,0.040640794,0.110118724,0.06699769,0.024290765,0.0072624935,0.013784038,0.024145737,0.021892933,0.014526672,0.02731961,0.0148441885,0.019137945,0.005089805,0.011696041,0.075674266,0.015709335,0.012042507,0.00805967,0.0054934984,0.012888697,0.019981038,0.0136142215,0.0076991934,0.012085696,0.016247299,0.020619443,0.10678319,0.019528326,0.008187074,0.0051891636,0.015772555,0.009201899,0.0081685865,0.00886915,0.017033655,0.039273843,0.01454199,0.005611213,0.002780094,0.006769543
0.0111509655,0.025152765,0.006857165,0.0073868358,0.013717841,0.0035917372,0.046342243,0.048888292,0.056433257,0.0110310335,0.020038813,0.048037898,0.016228978,0.006482981,0.03258745,0.008222637,0.023581263,0.0097085275,0.01237164,0.007108795,0.010003174,0.019285602,0.023590593,0.011042656,0.003068208,0.008040363,0.0067248754,0.018710386,0.0051595746,0.011035797,0.014883148,0.076319225,0.008628002,0.03727727,0.008479619,0.02096843,0.008858826,0.008210101,0.009984506,0.011819997,0.024655811,0.016575461,0.007332065,0.011018136,0.023972644,0.02352087,0.019549167,0.007602301,0.009139896,0.012129903,0.009155319,0.017065383,0.008398485,0.054775864,0.01107333,0.01047632,0.002763008,0.0075978716,0.010471243,0.013803919,0.003889885,0.008425041,0.012730097,0.016439715,0.0071042865,0.004490833,0.037412245,0.0037567476,0.012371083,0.0070775184,0.0084819505,0.013138794,0.004920861,0.0051278346,0.0039797532,0.007041672,0.028107438,0.005858073,0.12163562,0.0063929884,0.008149505,0.0109258555,0.013241369,0.0067023817,0.010848471,0.014885623,0.012737805,0.067962326,0.013147808,0.019891534,0.007698775,0.017731627
0.5118674,0.28341636,0.01955891,0.023674885,0.016188491,0.008612047,0.03536805,0.037366454,0.02833524,0.008711301,0.123397365,0.051004693,0.017644752,0.0070176097,0.031771984,0.009277329,0.019165503,0.011924771,0.05935885,0.010831286,0.0068905116,0.01546285,0.021647487,0.013548706,0.0050839703,0.0050177993,0.007235226,0.058631513,0.011371031,0.014386716,0.017588507,0.024225391,0.00502641,0.010910433,0.0349082,0.030579356,0.0062590376,0.00805067,0.010442206,0.011550799,0.27041185,0.014300532,0.009742812,0.039181445,0.018142592,0.008918589,0.007268455,0.012137611,0.021692438,0.00907276,0.007864395,0.012235157,0.005269572,0.2539913,0.0065815826,0.009062587,0.0096074315,0.02745244,0.012548494,0.0135277985,0.025552904,0.014492323,0.0162861,0.009307535,0.0040001473,0.026992157,0.039135832,0.0034559846,0.010876985,0.007447438,0.009657134,0.016580205,0.012796762,0.010668581,0.029030515,0.01365971,0.013101471,0.0049764058,0.03364589,0.0053216373,0.0070351497,0.012506785,0.0034603786,0.00939289,0.0036463633,0.00595139,0.0053840526,0.038054314,0.008424499,0.008265232,0.00448945,0.04344862
0.06934633,0.029581364,0.003436224,0.0025236248,0.0013225656,0.00108321,0.009735946,0.014204413,0.015060721,0.0037355176,0.04218418,0.030371819,0.0022059353,0.001520789,0.012799464,0.0028966733,0.0041499482,0.0055185566,0.01304637,0.0022233047,0.0028434792,0.004682108,0.021376867,0.0045971526,0.0025919601,0.0011160825,0.0039564655,0.04196864,0.0024399436,0.004436199,0.0022653167,0.010667607,0.000630633,0.0047076084,0.006678616,0.0027531348,0.0016563092,0.0024764705,0.0023653507,0.0030269695,0.13854805,0.006425652,0.0021990817,0.023397183,0.0033254437,0.0015883469,0.0024295873,0.007739625,0.006676314,0.00095440826,0.002334392,0.0030679274,0.0027472314,0.23373258,0.002723119,0.0027506696,0.0040476625,0.017934913,0.0025966277,0.004344199,0.018929234,0.003401701,0.003844639,0.0016524523,0.00069410604,0.019038238,0.0073857405,0.0012065239,0.005944736,0.0022587823,0.0027802796,0.0021422084,0.0020522713,0.0017144381,0.009685859,0.01339658,0.0028375625,0.0023840002,0.048287574,0.0021443025,0.0028792904,0.0064986967,0.0019074914,0.0025561454,0.0015537083,0.0013442449,0.0024126663,0.04064682,0.005406903,0.0039192312,0.0025155868,0.020738319
0.3343786,0.14788683,0.022185646,0.03421795,0.029444559,0.011775859,0.11462208,0.07288258,0.056797765,0.010878976,0.27437973,0.21678995,0.026049353,0.009350094,0.1592732,0.025115961,0.053701703,0.027936712,0.23403284,0.031636205,0.019695036,0.047732648,0.09251143,0.037246212,0.008444703,0.013200123,0.015036457,0.34636897,0.01873037,0.026357949,0.026882503,0.120165475,0.016190004,0.050168872,0.118294,0.12623082,0.0114192255,0.040902413,0.028315233,0.013279715,0.7034533,0.024399923,0.010082505,0.21217103,0.041867394,0.01834896,0.014969484,0.037903603,0.097702004,0.028561521,0.013532371,0.031343937,0.007329642,0.5019279,0.011164194,0.012775236,0.029599205,0.061597995,0.019613689,0.024933675,0.10260491,0.03827334,0.040027633,0.026108524,0.0038083782,0.100983515,0.107235484,0.007336183,0.043096054,0.012339342,0.03266483,0.03163379,0.01011606,0.020142227,0.10943965,0.06540723,0.043153808,0.007568031,0.104844,0.012852508,0.017236186,0.043121338,0.005658048,0.0126971975,0.017815586,0.0136296265,0.010185899,0.15424973,0.015603689,0.011980123,0.0040631215,0.12651713
0.13936824,0.38670963,0.080809064,0.094497204,0.10287477,0.038180888,0.26981044,0.28460556,0.22831297,0.027790975,0.23621184,0.37560746,0.0961355,0.019526904,0.3777389,0.065560035,0.122810595,0.0779108,0.5676417,0.08905208,0.02571502,0.10041132,0.22908987,0.08786338,0.015532053,0.020746063,0.016752189,0.3600212,0.1523883,0.1462036,0.097405195,0.2774942,0.0126195215,0.047860164,0.2162571,0.13783324,0.021309512,0.047980662,0.09122491,0.039418597,0.14803499,0.04832305,0.02196631,0.09109268,0.18651545,0.16237605,0.05847552,0.07828614,0.09323509,0.07804783,0.026901785,0.06555316,0.021494752,0.08524702,0.020844849,0.034497686,0.049798455,0.09070297,0.037269156,0.04966235,0.094538525,0.0710356,0.03590669,0.07148742,0.011232636,0.037724175,0.22452661,0.014447849,0.07859562,0.019931829,0.03451039,0.06644687,0.017687181,0.017405597,0.093737274,0.08081944,0.056507647,0.016881574,0.020151837,0.015721226,0.026567243,0.034821343,0.013463567,0.015498001,0.017493991,0.03150469,0.02293994,0.020383801,0.030781208,0.018776994,0.007436291,0.03393471
0.059735157,0.1141937,0.04444857,0.046139456,0.032672234,0.03678608,0.039964903,0.11874012,0.143767,0.061354462,0.09199831,0.07190295,0.057133112,0.043833405,0.062980235,0.04807717,0.052094083,0.03991136,0.040117882,0.03329303,0.053334884,0.041812718,0.075692505,0.050519858,0.054041114,0.03330451,0.052582648,0.08781062,0.035579443,0.04092737,0.039717615,0.050786667,0.038742367,0.06190536,0.061405797,0.046024892,0.05836248,0.04318712,0.055214982,0.046101272,0.13562031,0.030718789,0.043490574,0.085660525,0.036612615,0.029098628,0.031029938,0.02173288,0.04287545,0.03805871,0.031940002,0.05837999,0.046138756,0.23649351,0.06327355,0.075723395,0.04936149,0.03935786,0.06606708,0.08382388,0.068895355,0.049931858,0.079155445,0.053166363,0.026502136,0.0902522,0.08391822,0.045186713,0.046810135,0.05047978,0.067225054,0.08418464,0.041571364,0.074919395,0.09855652,0.034626704,0.041879576,0.04975346,0.10346012,0.053677496,0.06613356,0.02644589,0.0348651,0.052779816,0.043643523,0.051028233,0.033534627,0.07941386,0.042266864,0.07711758,0.037279043,0.11300701
0.0716442,0.069024175,0.04040672,0.014325696,0.013267122,0.0052543133,0.040011708,0.08544969,0.04686711,0.021255754,0.038343266,0.044949744,0.010458069,0.009174172,0.008397108,0.007847408,0.010062442,0.008996272,0.018908687,0.0076033957,0.0058248,0.0074003707,0.017047305,0.006270578,0.008233006,0.009798597,0.010337536,0.023492252,0.019461125,0.014151779,0.0086351475,0.017642017,0.012230548,0.020947665,0.010464814,0.014864777,0.012217417,0.005782931,0.010026091,0.040567685,0.034197357,0.015806856,0.010050006,0.01868447,0.02544108,0.026758378,0.070095465,0.013721612,0.04203464,0.029344615,0.025361793,0.029616121,0.022137994,0.2264541,0.029750483,0.012623704,0.0062052333,0.018880814,0.007568643,0.0062052035,0.007372777,0.010350006,0.008618889,0.010074436,0.00553979,0.018975107,0.04068653,0.006858927,0.008319607,0.006121415,0.006403442,0.010469505,0.010529541,0.005116633,0.007974784,0.009590053,0.034472644,0.01414109,0.470751,0.021502605,0.009720188,0.006674275,0.029040849,0.006136443,0.0071462966,0.008316422,0.01820189,0.1900694,0.012654504,0.0111617185,0.006057666,0.029275019
0.06082625,0.101375684,0.047490723,0.04915325,0.046682186,0.019923456,0.12473623,0.27888525,0.20061207,0.06890024,0.07534665,0.08650704,0.07640094,0.041353345,0.09966693,0.109146506,0.1260089,0.1583758,0.09975118,0.080379404,0.057960007,0.115875416,0.06065688,0.061024107,0.043471158,0.075119026,0.08375366,0.109996736,0.08138998,0.08341061,0.096038274,0.075383775,0.05797122,0.09132159,0.0959983,0.08608646,0.087760225,0.100285046,0.10759233,0.07453024,0.1363444,0.07224413,0.08121849,0.077641346,0.17125726,0.1612339,0.15464634,0.07590131,0.12585224,0.12991765,0.081581764,0.12471314,0.16026972,0.4067745,0.14349864,0.08601661,0.08895348,0.09481554,0.11668592,0.08237247,0.06427986,0.13621904,0.12340949,0.13433382,0.04086772,0.10636542,0.2318291,0.11580268,0.085062854,0.090576045,0.09649107,0.13987567,0.12365133,0.065276965,0.09329041,0.06541891,0.1792417,0.13862042,0.611987,0.15301643,0.11260951,0.04484448,0.20181042,0.08723858,0.08103663,0.08112493,0.09182927,0.35865575,0.11398901,0.07325924,0.028181128,0.16916612
0.036391784,0.064022936,0.0791914,0.02391881,0.026710477,0.011505989,0.035034843,0.0313415,0.04347769,0.032137442,0.026055774,0.030037975,0.018133996,0.015983243,0.026280105,0.019605996,0.022999216,0.011479314,0.015541296,0.010552713,0.012388762,0.022593932,0.020630311,0.013154197,0.017131709,0.017831841,0.012958438,0.028579062,0.04071984,0.03487598,0.028659701,0.015488926,0.014738972,0.019317657,0.015966328,0.023111986,0.034523465,0.020554703,0.030597819,0.119716264,0.0642856,0.030134592,0.042664137,0.01634224,0.02049101,0.019533666,0.026262367,0.013773996,0.02143023,0.019280622,0.06173132,0.03106468,0.023265902,0.17125553,0.05506443,0.023535639,0.0097395815,0.018492607,0.015668647,0.014372142,0.019109422,0.023827257,0.023594517,0.032310393,0.023434479,0.01918929,0.03447635,0.022707034,0.019799756,0.015113288,0.015166166,0.01709812,0.026227266,0.014576755,0.014272073,0.010689414,0.019262824,0.024033522,0.21493472,0.029237373,0.018039385,0.0149185555,0.025273565,0.013379556,0.008225995,0.008079217,0.03561509,0.06969334,0.009532649,0.014386754,0.013872101,0.016707746
0.032842796,0.036215045,0.015266153,0.013608989,0.009865756,0.00860692,0.019883838,0.027228625,0.011928301,0.011459678,0.01669429,0.017457753,0.010360397,0.007874132,0.014827089,0.0124216145,0.016213695,0.010370368,0.01198812,0.008816327,0.008832787,0.0135632865,0.015618442,0.0066847964,0.0104731675,0.017687637,0.018253421,0.025146687,0.013786788,0.021593016,0.02000516,0.019485256,0.013077221,0.023621961,0.015786376,0.020058202,0.012424475,0.014203828,0.016704235,0.025808465,0.032650184,0.012321411,0.022271268,0.028106136,0.023456387,0.01260981,0.022993935,0.025574729,0.021950765,0.0140676815,0.016221905,0.023398332,0.014041263,0.052603677,0.017015085,0.01640942,0.008519462,0.01318133,0.015316999,0.013711827,0.0110985655,0.021108504,0.02171821,0.012141977,0.00855865,0.017378738,0.028995728,0.0095316,0.012478184,0.00960941,0.013602091,0.011981547,0.013550051,0.011290551,0.0148538705,0.018220551,0.017767375,0.012501677,0.033073597,0.012178871,0.014255846,0.01214408,0.007552794,0.009469687,0.010937726,0.00884904,0.0136807915,0.020538263,0.011180779,0.012965284,0.01000744,0.02822328
0.026812147,0.035508003,0.028232237,0.018125726,0.011947081,0.011725172,0.025549578,0.022223778,0.022494275,0.025801355,0.017609637,0.020945137,0.021401761,0.017921481,0.03220346,0.03001287,0.03146604,0.021643793,0.033163063,0.029664857,0.03502469,0.028558878,0.024622742,0.022610513,0.02197419,0.028418472,0.035985794,0.026895044,0.02181308,0.021152021,0.021213517,0.026308326,0.02061044,0.03314172,0.014914288,0.027970942,0.02217159,0.017851442,0.024281777,0.041679677,0.032599516,0.014081174,0.02042329,0.021731673,0.022463975,0.017353816,0.01610932,0.024885667,0.013420281,0.0164035,0.021295872,0.026258713,0.021365937,0.0497011,0.018227737,0.020575084,0.011557606,0.017636983,0.022459807,0.022594342,0.01610913,0.012993911,0.015740026,0.014403059,0.013719005,0.017750269,0.030784788,0.015605096,0.023271555,0.019576766,0.018102834,0.022055933,0.035034314,0.0207295,0.01941682,0.012664225,0.016684754,0.024084006,0.023519248,0.01404013,0.02012596,0.018636042,0.0114076,0.021196894,0.012527021,0.013781556,0.020938855,0.011735395,0.011690339,0.018318946,0.013416448,0.024792131
0.013467636,0.020214258,0.01923314,0.012884255,0.0055263666,0.007245877,0.009923265,0.015115097,0.01551156,0.01599612,0.011438001,0.020336617,0.016668668,0.0119954655,0.02092435,0.013995029,0.012144415,0.0147761805,0.016551914,0.013479249,0.016572472,0.013131459,0.026845813,0.013208226,0.019062068,0.017891651,0.019532172,0.015376424,0.010026693,0.011345842,0.010302274,0.023796428,0.019992102,0.02550914,0.00782705,0.012189349,0.019016067,0.008421497,0.01591179,0.02779303,0.06790068,0.017736824,0.03302949,0.020408243,0.015715457,0.013616937,0.020728875,0.033366673,0.0236963,0.01948024,0.018984888,0.020173512,0.014139383,0.06666654,0.022247622,0.020940714,0.009013605,0.015211659,0.010072192,0.018038033,0.008448114,0.015100672,0.012313598,0.013907048,0.010965239,0.0107591245,0.02891883,0.012878888,0.01099831,0.008391549,0.006317513,0.01099979,0.013155135,0.01288134,0.00778763,0.005769365,0.014021739,0.011589549,0.027988598,0.015129519,0.013465216,0.009391086,0.008611203,0.009462973,0.007075564,0.010196499,0.011616646,0.030640448,0.010232026,0.019000066,0.014637535,0.01710133
0.014753984,0.03480777,0.019906526,0.014970797,0.010562061,0.007844296,0.018236145,0.029714344,0.020418432,0.016838599,0.016931102,0.025815962,0.01582099,0.01086818,0.014134568,0.017835835,0.019673176,0.01437139,0.013745339,0.01247518,0.017329492,0.023191877,0.028003184,0.015111654,0.018154498,0.034064904,0.044717908,0.047949716,0.015035271,0.024955159,0.030022405,0.04410746,0.018135391,0.044142988,0.015433359,0.02857717,0.018467648,0.016319629,0.0269784,0.046245553,0.032271564,0.022916397,0.026272481,0.03373423,0.022768699,0.022445394,0.022667391,0.025033167,0.023045119,0.019879745,0.02939512,0.036159433,0.013640733,0.045794774,0.021764562,0.022362586,0.008232637,0.012657316,0.020784896,0.024732348,0.01731704,0.02416716,0.026266374,0.027795453,0.014770215,0.02930004,0.046451367,0.014954612,0.010291023,0.011827281,0.01372828,0.027562283,0.021392403,0.021110376,0.015566594,0.014808591,0.019750308,0.010815287,0.030813131,0.0146804815,0.016183605,0.009160779,0.013567344,0.016303992,0.013248506,0.019388743,0.03467792,0.020282805,0.018268367,0.026937604,0.012571771,0.03172793
0.098603286,0.09024595,0.046879966,0.024450615,0.041523658,0.01288011,0.05726703,0.1342977,0.10330476,0.044472534,0.05244546,0.064957865,0.019680854,0.013921559,0.057240967,0.03827437,0.057820287,0.06703975,0.042104244,0.020958077,0.01606761,0.038616322,0.018186592,0.011985449,0.009820489,0.034148704,0.02519769,0.053337473,0.06899316,0.07833507,0.053097107,0.033905055,0.027662262,0.057178237,0.029364321,0.109201424,0.06188318,0.037211213,0.054112084,0.09783537,0.08341319,0.022978881,0.0419646,0.045431733,0.16088565,0.110685006,0.22763483,0.042122185,0.099820085,0.103923656,0.07980742,0.1855727,0.08852473,0.37813997,0.10301396,0.05059218,0.02093356,0.021258477,0.019722957,0.015126228,0.016215999,0.0471855,0.034273714,0.06488236,0.031938933,0.07859795,0.11210712,0.048560698,0.040233567,0.034791473,0.020804757,0.0419308,0.039563708,0.019803626,0.028400037,0.021812426,0.11224805,0.04419615,0.5449338,0.042897414,0.03125667,0.016804283,0.10025395,0.039400797,0.017892186,0.02254462,0.1031654,0.32923743,0.020528654,0.022896664,0.017567875,0.10896486
0.016496483,0.027094979,0.016905505,0.025704803,0.011837523,0.0053559127,0.0087254355,0.019381065,0.023127861,0.010971791,0.010734385,0.013001354,0.013688984,0.007169932,0.010586729,0.021064013,0.013612356,0.018166732,0.024736322,0.013779693,0.01864761,0.027548626,0.014171544,0.007000039,0.0060246945,0.0059606624,0.0124894325,0.012336683,0.0072267205,0.02166393,0.017314022,0.015987365,0.006032157,0.019266693,0.0045856903,0.020850372,0.023153448,0.021263044,0.022609461,0.01992159,0.04085758,0.009955833,0.015485089,0.011305533,0.020570809,0.014941826,0.034810368,0.03658632,0.03756139,0.024514683,0.015243291,0.062316068,0.019942151,0.10150077,0.035776768,0.027907867,0.020049062,0.018484017,0.01213953,0.014577933,0.0070239482,0.02377074,0.036327586,0.019890193,0.008027556,0.012322755,0.02079136,0.014705451,0.021723358,0.016553447,0.017590014,0.018914709,0.010787118,0.01005017,0.011356882,0.009893278,0.01673573,0.010104662,0.06062422,0.018410731,0.012017862,0.013548843,0.023476092,0.020505307,0.00933417,0.012180541,0.01023083,0.027468957,0.008875349,0.012373393,0.00706424,0.009194315
0.03138713,0.03355855,0.01837176,0.014186942,0.028730292,0.009163296,0.037415586,0.033612665,0.01926571,0.008119258,0.008760635,0.010513715,0.0061467434,0.0038406933,0.0060082907,0.015750023,0.01910794,0.015233273,0.011198611,0.007847155,0.010629014,0.012234684,0.0076870574,0.0041455072,0.003812371,0.0088907415,0.008612354,0.0050100465,0.011638407,0.022421844,0.017971216,0.0068696705,0.0054518515,0.013380925,0.003786584,0.02760601,0.021484815,0.012417453,0.0128627755,0.02142833,0.033075,0.010128565,0.019172963,0.0062912353,0.016733652,0.014600555,0.013297271,0.010036528,0.014746273,0.01053791,0.015380263,0.0451104,0.037340246,0.09409966,0.04321603,0.017698,0.008333248,0.008525835,0.0077978633,0.0059162034,0.003035575,0.028197417,0.019796642,0.015345774,0.012581795,0.0077520525,0.012742729,0.010005697,0.009735461,0.012119788,0.008147625,0.010806209,0.011333014,0.0057576713,0.0041023046,0.0038503841,0.0094743,0.017530192,0.0854131,0.015677586,0.0074507254,0.0057235523,0.013859638,0.012978643,0.0049108746,0.0046409266,0.011124282,0.022135964,0.00490264,0.0053532734,0.0041087624,0.006979797
0.15789233,0.12467014,0.04097968,0.028803477,0.032276396,0.022021974,0.07952295,0.108765095,0.13818155,0.02488458,0.081921935,0.05566567,0.02479822,0.01006796,0.066497035,0.03048016,0.023825318,0.04769963,0.046495475,0.01574318,0.019656317,0.029863823,0.024977341,0.02231617,0.00988287,0.023089845,0.013949522,0.07356041,0.026590915,0.036555108,0.035411447,0.021798395,0.014110107,0.029105091,0.019539436,0.035475414,0.027314888,0.025031378,0.021136839,0.028486067,0.102843575,0.015084941,0.020942394,0.030072851,0.051685646,0.035864446,0.04558077,0.025094187,0.03909111,0.027944503,0.020028329,0.06398093,0.05832138,0.089952156,0.065239675,0.05547074,0.022595396,0.026784103,0.023073515,0.022012437,0.031277295,0.04517368,0.0516084,0.020669177,0.0072075645,0.04336897,0.08053347,0.030089395,0.022632414,0.032949764,0.02822,0.021987597,0.028182622,0.011355758,0.02545371,0.041416284,0.05934208,0.045100294,0.15890275,0.039849166,0.04488788,0.01748925,0.038148418,0.021373052,0.02544558,0.017501375,0.018818263,0.06473427,0.014855461,0.0155819375,0.008315367,0.06254871
0.015171147,0.051712967,0.009605019,0.0064664693,0.011182763,0.0020694374,0.014518502,0.047002487,0.07347149,0.006786241,0.007427155,0.021858273,0.010572998,0.002186003,0.0074270214,0.0068227816,0.014502032,0.031028021,0.024384502,0.007236974,0.0044001793,0.017495675,0.01982412,0.006747727,0.0011467356,0.003804816,0.0020378954,0.00772552,0.008208422,0.017178766,0.010247361,0.014669524,0.007119391,0.010052814,0.006436176,0.0208988,0.016538616,0.009456788,0.040066425,0.013719808,0.13670072,0.005861172,0.005240957,0.0040611397,0.04745732,0.042106587,0.04624887,0.009327691,0.030893844,0.025173424,0.011306315,0.023634756,0.027482033,0.5638375,0.031403124,0.008126356,0.004605218,0.03232842,0.01140653,0.009839925,0.0071852705,0.008908435,0.010678623,0.029714279,0.004259936,0.006270338,0.037352085,0.008118989,0.0060374304,0.022534657,0.011794787,0.029033396,0.016529258,0.0047021145,0.007313336,0.00603149,0.034116242,0.011679842,0.43377027,0.013422634,0.004907248,0.0028933608,0.039301723,0.011585841,0.010018806,0.023317248,0.015113204,0.16328606,0.009793913,0.015437337,0.0019793764,0.0133710895
0.010854728,0.008275478,0.0052349777,0.004081523,0.0071519385,0.0024727834,0.011896385,0.05494959,0.02792766,0.017418955,0.02294079,0.016018959,0.0050950926,0.003975287,0.016877394,0.024495885,0.015056716,0.014586383,0.01183096,0.0073054256,0.012005565,0.018366499,0.049269773,0.002873595,0.004155113,0.008056444,0.027861737,0.020723196,0.0035533234,0.0087499665,0.016403178,0.007064534,0.0024955568,0.0056832456,0.007996432,0.013544273,0.014470426,0.008877695,0.013458699,0.005005215,0.04133839,0.008507208,0.012878454,0.0077128,0.010907951,0.01955072,0.0063658073,0.00820029,0.0063809305,0.0064377123,0.0020459087,0.014469128,0.022107912,0.06024586,0.020045968,0.021492714,0.006547467,0.016339658,0.007095213,0.0072221104,0.008560881,0.014784687,0.015242257,0.011245665,0.0019041334,0.00817994,0.021745656,0.003923329,0.0054228976,0.0062367152,0.015625866,0.017421022,0.011702389,0.009764208,0.0063493354,0.009796258,0.015078067,0.012596854,0.03538023,0.008346748,0.011855604,0.005369228,0.011459831,0.0144358985,0.007451434,0.010482381,0.006096662,0.014894102,0.0060188724,0.006953552,0.005456752,0.010021976
0.048053004,0.10897661,0.14823824,0.0673687,0.034082457,0.086366035,0.065395094,0.08451264,0.12427868,0.0718796,0.03656273,0.04116414,0.04417604,0.04317797,0.06452831,0.039551884,0.04200299,0.058204815,0.0769798,0.04102645,0.06963923,0.0625289,0.025497122,0.023306783,0.08105063,0.027669964,0.024504649,0.11850714,0.121707514,0.07427311,0.02889294,0.023532327,0.024982484,0.039201684,0.038945578,0.060225084,0.12740095,0.043128654,0.058948047,0.14301148,0.151421,0.030174838,0.09449405,0.06940282,0.06695777,0.04594626,0.038072623,0.02139988,0.066135705,0.038781825,0.10931645,0.16055582,0.20037405,0.41625357,0.20459992,0.1701311,0.083661884,0.06281916,0.100721635,0.051854968,0.07799019,0.031841945,0.06810474,0.057690326,0.07281968,0.110383525,0.06078644,0.15609507,0.058286756,0.14398465,0.08009957,0.08801292,0.18887752,0.14114729,0.17495596,0.020057486,0.060813833,0.1881779,0.36213505,0.2434251,0.1562323,0.02392217,0.15463331,0.16782758,0.064912595,0.07436657,0.12834482,0.15986827,0.037182674,0.050960906,0.030289693,0.10052202
0.10119635,0.15183334,0.07568209,0.043192077,0.042448286,0.04416208,0.07141787,0.16848117,0.24644443,0.08178278,0.029031834,0.07869844,0.085674316,0.08209079,0.08014874,0.05810185,0.06309393,0.095448576,0.09962014,0.09405451,0.08766971,0.1294318,0.08357901,0.08015774,0.07474091,0.05204673,0.066938594,0.05524867,0.06328401,0.099884406,0.06150665,0.030615153,0.037832618,0.09337461,0.038640972,0.07851038,0.050670635,0.040687434,0.076269574,0.12099094,0.18828422,0.052734666,0.06067224,0.02806503,0.0872845,0.07696984,0.02997233,0.019294133,0.0353829,0.061839584,0.09125397,0.10468295,0.14932457,0.44798368,0.05014098,0.05169633,0.022057729,0.044712804,0.07245812,0.049601827,0.0312809,0.057591837,0.041916035,0.06882403,0.03674778,0.028556729,0.10079933,0.05578676,0.029653626,0.09130303,0.057414077,0.10404426,0.11846203,0.08129943,0.039081823,0.01783737,0.05185885,0.12369337,0.20798537,0.08874275,0.06413981,0.0196791,0.06717117,0.07088573,0.056323186,0.06677991,0.07993109,0.05482748,0.06967261,0.04858493,0.03888488,0.039132815
0.23598722,0.24296196,0.096040845,0.028495463,0.021268254,0.019011173,0.057319045,0.060663875,0.104738876,0.046506852,0.05945507,0.0547585,0.00816704,0.01165134,0.018167054,0.008215118,0.0073379665,0.008362188,0.010020577,0.0051257084,0.0142738465,0.014437577,0.014367733,0.009859148,0.022339938,0.015622245,0.012699205,0.06920718,0.01939974,0.01026637,0.006466485,0.0054847472,0.0032490566,0.004089936,0.005164079,0.0068465094,0.012281,0.0025999653,0.0075706183,0.15062465,0.30908024,0.017312929,0.011251767,0.012511719,0.0071382234,0.008416552,0.010993359,0.003367125,0.005256532,0.0033828942,0.08006465,0.017273031,0.020071417,0.5505591,0.027801868,0.008041167,0.0022742064,0.0046286983,0.0036484632,0.0024600804,0.0036293578,0.0025892854,0.0033720948,0.0061760875,0.0068142214,0.010925421,0.011953712,0.004175197,0.0021828555,0.0017459074,0.00081465405,0.0032300672,0.0070053264,0.0016867227,0.0016974008,0.002088435,0.003284623,0.0059416173,0.49796954,0.019209215,0.008061062,0.0008632273,0.011583324,0.002155092,0.00095966784,0.0020880664,0.06676585,0.16519198,0.0069813025,0.008363058,0.0071441038,0.008491785
0.25053334,0.33069474,0.09220171,0.07200574,0.076249816,0.04175939,0.18385544,0.33648747,0.27348292,0.07034201,0.23980673,0.17933244,0.10372986,0.03949915,0.2531465,0.17297587,0.10642469,0.20031196,0.21641201,0.07009034,0.08489549,0.15067865,0.19373155,0.089952044,0.06015362,0.06471136,0.04256552,0.40164667,0.18601067,0.13476998,0.09259339,0.15044902,0.03712502,0.05311939,0.08851526,0.10054716,0.085204616,0.069178715,0.10044046,0.094498746,0.22325078,0.09407327,0.057750076,0.13238393,0.25160152,0.24495623,0.11649653,0.05123033,0.090536475,0.07868654,0.084251344,0.15940712,0.107446045,0.34234864,0.15378015,0.10792649,0.054330014,0.07335511,0.09410245,0.06910202,0.12609406,0.05941734,0.078918256,0.10451907,0.03941637,0.17157869,0.290211,0.08313653,0.10370295,0.06176258,0.051651295,0.09327835,0.089642175,0.03795278,0.09360979,0.07392258,0.099325225,0.0713636,0.3467199,0.118859,0.10792561,0.03209971,0.11751361,0.059173692,0.052036274,0.07713021,0.062135555,0.1567462,0.087556854,0.059596077,0.023521658,0.14923681
0.14757264,0.14607537,0.089835204,0.054598957,0.026114259,0.035018124,0.10369592,0.13935119,0.12449544,0.03390862,0.16463447,0.091160975,0.025331685,0.026171949,0.050214775,0.014689162,0.020118821,0.021389915,0.026947612,0.009421283,0.021856876,0.04714307,0.06370679,0.029563643,0.020385502,0.012846981,0.020725684,0.1403164,0.028166542,0.033954,0.02908703,0.031636566,0.016896095,0.035089083,0.04565711,0.051490203,0.027619105,0.026442492,0.024913093,0.09477949,0.20087606,0.03294918,0.027186418,0.09792926,0.044699453,0.020788569,0.034091588,0.027713984,0.035258006,0.022457475,0.05627395,0.027905121,0.017073832,0.34167305,0.028537333,0.022868836,0.01974609,0.02967465,0.0239041,0.03509691,0.03619331,0.0137749845,0.019888273,0.015277322,0.021204118,0.089710824,0.050952777,0.018880913,0.01872811,0.012819025,0.016781133,0.01716481,0.022292146,0.016913624,0.034701604,0.03044485,0.023708794,0.014916778,0.21960135,0.021411909,0.020249464,0.012035721,0.011632693,0.011845989,0.013310085,0.013932341,0.050549418,0.11463031,0.027005848,0.02764772,0.01537906,0.11665071
0.21936235,0.112664014,0.027149485,0.014353965,0.008390147,0.0052828384,0.038544808,0.06262497,0.10367354,0.018321643,0.02859554,0.036021456,0.025351992,0.0117722405,0.07721004,0.050646167,0.03375806,0.018674752,0.014814553,0.011356602,0.011291885,0.016897747,0.055875532,0.022386255,0.011053468,0.021031408,0.01277062,0.08340537,0.021836704,0.023419667,0.012724563,0.024214758,0.0071409396,0.0047958065,0.011156674,0.01762578,0.016093504,0.008743077,0.018438544,0.014306258,0.45305425,0.008038043,0.006953451,0.013331027,0.050147537,0.0650448,0.010419245,0.010293598,0.01568556,0.011325225,0.0145262,0.01257988,0.028733213,0.6131628,0.044756815,0.019014401,0.003619032,0.014460983,0.019909149,0.012456981,0.013362645,0.010400376,0.01125351,0.016802248,0.005494033,0.011873974,0.048587818,0.012341868,0.008831358,0.00950839,0.009347417,0.01874325,0.023398912,0.011894254,0.008422455,0.010633647,0.016850296,0.01835734,0.22976154,0.026117172,0.016099138,0.0049857693,0.018098231,0.008985333,0.005737406,0.0156845,0.008250031,0.162802,0.007203969,0.019050084,0.005470213,0.017107468
