0.073094286,0.11605024,0.05473075,0.19425651,0.0613054,0.0664567,0.15136105,0.05433459,0.07861233,0.051630877,0.031234799,0.05665004,0.041636445,0.033670224,0.029077126,0.055349987,0.10053218,0.042395514,0.043262795,0.03898712,0.040130734,0.11616658,0.057944983,0.052918356,0.076841705,0.10342363,0.06419195,0.056962293,0.04471727,0.086074345,0.09862174,0.08081651,0.046169307,0.122810915,0.057317827,0.05896773,0.02926277,0.026077539,0.06533225,0.040336277,0.043983236,0.046782233,0.054300915,0.08768893
0.20584129,0.14553183,0.05184481,0.08941089,0.080921136,0.089424305,0.05412898,0.032311868,0.017528018,0.06661411,0.017797135,0.09673593,0.018481424,0.014586903,0.041489687,0.044069916,0.09996861,0.04536811,0.030387277,0.041094583,0.055371754,0.10224312,0.08278826,0.067923605,0.16742922,0.014737995,0.030734112,0.026953228,0.034825005,0.02801784,0.010314714,0.021165147,0.023666963,0.060317315,0.024012456,0.047106408,0.07427911,0.072540954,0.081034705,0.01943107,0.03312408,0.030936314,0.09052819,0.23422177
0.093873784,0.1071182,0.05048281,0.09205907,0.06474356,0.056329664,0.06550012,0.07416002,0.029902294,0.112903014,0.032352738,0.07437826,0.062693276,0.037933245,0.049490977,0.053632118,0.17189234,0.085841246,0.032365844,0.057244655,0.072288625,0.15809728,0.056327578,0.09500934,0.1294699,0.033002958,0.061518013,0.050870724,0.026178569,0.03138155,0.024384478,0.03835505,0.029105509,0.09743792,0.027457736,0.04551495,0.032177955,0.041742675,0.09054296,0.02960341,0.039066553,0.014947625,0.06626146,0.16170935
0.09368287,0.098145306,0.056822613,0.15790746,0.06869749,0.09136449,0.09131144,0.06344449,0.06120239,0.098037325,0.03662073,0.091001235,0.045871414,0.044648305,0.07518619,0.06635661,0.16008246,0.06726642,0.034715485,0.040870953,0.078141354,0.13821143,0.061214108,0.098035015,0.08569667,0.047509886,0.050548475,0.06885525,0.051333603,0.048414186,0.034640104,0.0687345,0.031702664,0.09430831,0.029531864,0.06750033,0.05701231,0.049833246,0.08636571,0.049909107,0.04694659,0.042020492,0.04089122,0.11594502
0.008071558,0.07604322,0.0103202835,0.02383957,0.010063655,0.004133403,0.0117270015,0.006598264,0.0029143384,0.04499534,0.012950971,0.08522205,0.029242076,0.014229752,0.0218908,0.010074721,0.14635345,0.01744216,0.01555466,0.045550514,0.031205978,0.04751712,0.041161522,0.015357427,0.082561,0.0033273988,0.012263892,0.015565055,0.018417055,0.012136091,0.0042887866,0.016649863,0.0337413,0.10140946,0.021354219,0.016695617,0.008632314,0.005943123,0.020381857,0.010636562,0.009838488,0.00878532,0.091243476,0.19154572
0.116413005,0.1949602,0.15311411,0.079496086,0.20214364,0.2745098,0.40089327,0.28852978,0.16033445,0.24947901,0.17354704,0.38574958,0.28441265,0.1200986,0.19199641,0.2508983,0.43928897,0.17165142,0.085290566,0.22609466,0.10174515,0.39776835,0.22772326,0.3486577,0.22476459,0.23112592,0.18503873,0.2650103,0.14731303,0.31638673,0.27489024,0.25944608,0.11856463,0.43597925,0.16991214,0.30897617,0.1998473,0.10459537,0.4506636,0.10972448,0.10483693,0.10797355,0.12593038,0.18272497
0.03429905,0.18852226,0.15355438,0.14332643,0.13228332,0.10333629,0.14006656,0.12820008,0.047976647,0.19575097,0.063114226,0.30136764,0.08709029,0.047242645,0.24129829,0.19783066,0.2532031,0.103494674,0.11071539,0.30008268,0.07807297,0.18956964,0.08110508,0.23839617,0.2037321,0.09714044,0.1373209,0.08574359,0.1819288,0.1567832,0.11824253,0.15801829,0.10223452,0.19030355,0.07749227,0.1713744,0.11261485,0.15897821,0.25129458,0.11724669,0.09786805,0.13162138,0.20213936,0.17226098
0.21155638,0.26290125,0.24686643,0.2796656,0.2604537,0.3936253,0.35983324,0.2939074,0.28149888,0.33521795,0.15702154,0.26146734,0.08357599,0.081680365,0.20851988,0.5093744,0.44200397,0.1640426,0.039748017,0.116449624,0.072859555,0.5999007,0.15432042,0.4780357,0.48835504,0.2686358,0.29355267,0.19221604,0.21294062,0.28274187,0.15336731,0.1690136,0.14085683,0.42819902,0.024150364,0.20579863,0.16528362,0.15629032,0.26287752,0.036462538,0.033287723,0.020767743,0.31178984,0.35253885
0.084692866,0.12098862,0.060832985,0.13065907,0.09374956,0.01818432,0.057773888,0.02515579,0.017642355,0.08238122,0.022604672,0.044172004,0.01487335,0.017867733,0.054278255,0.071645066,0.10391206,0.05215441,0.016184602,0.07220777,0.026093129,0.048840214,0.027752064,0.045431297,0.0771719,0.011414934,0.07802992,0.07122884,0.035097733,0.10320471,0.014091336,0.03415844,0.019329915,0.06566671,0.010707303,0.028774194,0.011790788,0.006864881,0.05064828,0.02368897,0.029713614,0.0064016,0.04468176,0.15638366
0.018008923,0.0692413,0.0024665396,0.011327829,0.015488361,0.0025665907,0.015583574,0.014755254,0.0017728319,0.0016527453,0.0005957417,0.0010327096,0.00046646933,0.001682035,0.0012745961,0.0030579765,0.008800956,0.00084054837,0.0010397088,0.0046122717,0.0037781342,0.00812383,0.007431447,0.009550562,0.058938287,0.0033195773,0.008634762,0.003829036,0.0010542258,0.005601587,0.0025243154,0.004119623,0.0074888435,0.0038248324,0.0013670486,0.0052157664,0.0019617411,0.0012048015,0.0018030579,0.0015506194,0.005377601,0.0033333206,0.01912096,0.14317419
0.27028087,0.1103412,0.14912006,0.25456142,0.31414726,0.24663089,0.1363659,0.15373287,0.1560961,0.2726613,0.20010453,0.21191007,0.20611955,0.14967366,0.18845588,0.08636159,0.25504693,0.21154182,0.15015993,0.16933432,0.16192766,0.20730703,0.17472062,0.17978962,0.27044433,0.047873184,0.12258236,0.08425956,0.119290985,0.071553394,0.032911394,0.045950778,0.059243444,0.10973463,0.037705645,0.05400883,0.09832015,0.120930634,0.20922874,0.14334211,0.20466395,0.113215744,0.11250971,0.23967312
0.40742457,0.1702483,0.08274229,0.19268431,0.41537315,0.2553864,0.14218341,0.20684506,0.344686,0.28407222,0.459065,0.2770079,0.32291222,0.19264528,0.26479378,0.30195665,0.17616485,0.21132544,0.15911494,0.17956133,0.17026618,0.14082551,0.1318206,0.6863358,0.6071318,0.09225756,0.102524646,0.11106929,0.35268524,0.2444379,0.17361102,0.23155662,0.092110634,0.12186921,0.079583615,0.38060877,0.03483088,0.06497798,0.34355086,0.20506915,0.19302243,0.10301689,0.285397,0.4355482
0.09632331,0.16723086,0.2004803,0.15749516,0.16448392,0.22850938,0.3493128,0.19717696,0.26841432,0.52199256,0.14530893,0.44896707,0.40647686,0.19227742,0.42849046,0.20623311,0.4377848,0.11800312,0.066889346,0.19093779,0.18490332,0.37864643,0.30909073,0.40571237,0.4793969,0.13423198,0.13704133,0.12433554,0.2579809,0.4698333,0.24639757,0.42449617,0.28871995,0.5348719,0.1738191,0.6987304,0.32289368,0.31426308,0.362758,0.23131385,0.30804947,0.19702967,0.61635166,0.2818977
0.030866686,0.0544432,0.06355042,0.16691051,0.08057303,0.08387948,0.10999875,0.11878768,0.1253829,0.11410651,0.117593296,0.111239076,0.20073353,0.0826759,0.14607695,0.062750444,0.35057792,0.17415273,0.15618171,0.06560371,0.09294518,0.08260878,0.21234792,0.10886945,0.03135096,0.16696697,0.15169637,0.09511795,0.079401456,0.09836062,0.18765807,0.1300154,0.075712755,0.048687823,0.07001826,0.10339484,0.07121172,0.08322338,0.09733063,0.11764339,0.1348287,0.036308605,0.12339521,0.05541098
0.058782157,0.1742022,0.15859874,0.24295977,0.07546292,0.09319139,0.35245326,0.11922653,0.0578876,0.03859481,0.02606991,0.04092798,0.039689925,0.028877784,0.059795864,0.18764769,0.378828,0.04180535,0.054035544,0.13389015,0.024387836,0.042681854,0.026866345,0.073561184,0.25209087,0.14574814,0.18303917,0.0384734,0.05628114,0.19096473,0.04855901,0.048848227,0.05407628,0.081532404,0.04542338,0.13535064,0.042287618,0.048208944,0.19207981,0.04793642,0.03518707,0.020373484,0.0736908,0.23842148
0.17225026,0.2316628,0.36816993,0.27342752,0.06499018,0.12967324,0.38434586,0.25377747,0.096329615,0.21328753,0.05881261,0.55955744,0.10517479,0.070422195,0.15368523,0.25945416,0.33987164,0.123031914,0.059573893,0.29519838,0.101157375,0.34965461,0.08889933,0.2896031,0.3990092,0.17596403,0.14976312,0.11832713,0.09562654,0.15885256,0.03987643,0.18017071,0.10670677,0.24133107,0.08217309,0.12436709,0.10643616,0.102679715,0.14056571,0.027703876,0.06807386,0.042015232,0.06636384,0.46010494
0.003871068,0.30891767,0.044184916,0.07591837,0.04364116,0.043648187,0.10668419,0.052969053,0.037838813,0.050274663,0.01159943,0.07952817,0.016107246,0.009787494,0.017932711,0.10216579,0.06765198,0.02857836,0.007525161,0.030042745,0.014794454,0.13868864,0.02063699,0.2329111,0.48728618,0.034438256,0.20092498,0.08229126,0.016554771,0.18261333,0.030118667,0.029752636,0.05270199,0.25332668,0.010001164,0.09993773,0.032093484,0.03462726,0.14142996,0.02339475,0.01396,0.0028606062,0.14902598,0.37369564
0.16618475,0.081649385,0.30777144,0.24465826,0.3025655,0.44684133,0.39265454,0.5147895,0.51649874,0.319271,0.42438346,0.41760367,0.42674315,0.46571207,0.35447985,0.5541896,0.6699089,0.5292138,0.37876737,0.50947404,0.43495575,0.45871407,0.4618037,0.45696884,0.29892734,0.49913737,0.3662331,0.2818412,0.41701543,0.2916344,0.30078948,0.22196436,0.26945487,0.12061413,0.10981567,0.16702186,0.30659118,0.26269075,0.45885438,0.5089953,0.23377527,0.18211454,0.22260652,0.07998523
0.027212907,0.10681318,0.036643874,0.03376096,0.031864088,0.050090317,0.13740624,0.0688751,0.024252335,0.050061382,0.010780005,0.019940207,0.006895594,0.011638779,0.019397557,0.0386177,0.09562161,0.027806614,0.014350958,0.06872429,0.066785865,0.14499502,0.045007266,0.1260411,0.19824903,0.024648245,0.06260473,0.03385846,0.010503909,0.03733162,0.0050752047,0.0151317455,0.01599768,0.034025002,0.008311554,0.009739777,0.088182785,0.059966985,0.037257485,0.008109011,0.02911397,0.008712322,0.048141137,0.13894196
0.3084007,0.1955951,0.1774787,0.31393805,0.28446612,0.345628,0.39523774,0.18837133,0.12282242,0.22256401,0.17771418,0.35948163,0.14262028,0.06572478,0.17418633,0.09525311,0.3084273,0.23431286,0.11486594,0.22789004,0.0759859,0.25274727,0.09988313,0.2777281,0.25825644,0.12506081,0.12531856,0.120676465,0.14751545,0.091747835,0.058366474,0.08072677,0.054379493,0.35369226,0.046880726,0.18278474,0.11289337,0.095693775,0.2701959,0.082199246,0.10082491,0.09025757,0.17510949,0.3008452
0.24206015,0.16422059,0.33956155,0.21607275,0.37500283,0.5176013,0.380992,0.33843094,0.44279182,0.47191852,0.4314726,0.5375537,0.2747465,0.1629054,0.3335517,0.37290728,0.41931298,0.47314757,0.43882084,0.4202054,0.34811875,0.3870869,0.1947757,0.64073014,0.42870042,0.16910979,0.15664852,0.24480136,0.4423271,0.21132705,0.3459558,0.47846398,0.26461276,0.334251,0.15183187,0.41881642,0.16757683,0.3286739,0.3756532,0.24638955,0.2052117,0.18626565,0.28641418,0.3591604
0.056404352,0.10614711,0.039300263,0.08041734,0.022908395,0.04179787,0.08542965,0.041096516,0.010989464,0.045416143,0.00446611,0.02368821,0.0059822397,0.0033855021,0.02714994,0.04503826,0.09200997,0.009290242,0.0047413884,0.030420123,0.05105964,0.11258354,0.026303126,0.10034976,0.08915235,0.007894245,0.027841296,0.009364297,0.020268992,0.024621217,0.009354469,0.01083215,0.0061429795,0.08711181,0.010550805,0.074177206,0.05727692,0.06537259,0.12095667,0.012350861,0.041494623,0.04522026,0.06293071,0.13740915
0.04010738,0.061609596,0.015388388,0.098118275,0.013266194,0.024930598,0.054948643,0.021433197,0.020437827,0.02043172,0.041829452,0.036656894,0.089387335,0.028358145,0.015190463,0.02272799,0.050190676,0.011025378,0.008467206,0.03548553,0.014190374,0.042773448,0.013197759,0.032383747,0.028715156,0.012140109,0.044779923,0.0072782184,0.010587175,0.030880446,0.011413238,0.015494081,0.014762996,0.04433161,0.009659608,0.022024484,0.011634052,0.011979361,0.04454362,0.015318363,0.014657875,0.007462614,0.02540198,0.026014995
0.04891117,0.0257856,0.042031582,0.1305567,0.09493471,0.07800707,0.09694654,0.054342307,0.042483285,0.051555093,0.028169809,0.052182276,0.017894372,0.020727105,0.057557076,0.06413697,0.120719224,0.04477293,0.03260329,0.13919432,0.03196085,0.084589876,0.06547554,0.11474705,0.07522975,0.0927309,0.04541564,0.0144218635,0.03300031,0.04923262,0.027936252,0.01524872,0.018585112,0.029554887,0.029792124,0.04411922,0.03646313,0.0499005,0.0734011,0.05425149,0.034241736,0.039697807,0.034924738,0.023347981
0.15015891,0.08320805,0.08299423,0.32492328,0.12790854,0.11187053,0.13345079,0.2008629,0.1266683,0.15153727,0.1496984,0.17567725,0.08530867,0.09765001,0.09295173,0.12272526,0.2890575,0.11959402,0.095831424,0.27359185,0.12557404,0.19127555,0.17101479,0.08066773,0.096282706,0.11070535,0.11859057,0.21215048,0.1038255,0.09279794,0.08171656,0.17985813,0.09494207,0.23524666,0.146849,0.14709856,0.06920002,0.06963685,0.17608625,0.09703837,0.095757745,0.12106991,0.049438242,0.052493807
0.20061266,0.24158125,0.23691791,0.1935283,0.36780638,0.47101521,0.22894779,0.23420992,0.24150594,0.20401767,0.3132476,0.3069321,0.16728216,0.10392595,0.17377028,0.18544781,0.45952475,0.28551516,0.27171645,0.31356323,0.13871396,0.4490509,0.09881583,0.10670675,0.117253624,0.15335916,0.18221572,0.1746251,0.26631194,0.21347265,0.11515731,0.12479618,0.11246438,0.23095724,0.14131133,0.2775572,0.14501984,0.17557457,0.37037688,0.2453903,0.19652028,0.22561617,0.09497653,0.064434804
0.10964714,0.20242618,0.07491242,0.07864925,0.13113678,0.0884904,0.083999455,0.07906355,0.06492398,0.074700914,0.035834182,0.07921769,0.033688884,0.028454075,0.055138443,0.04877648,0.12428585,0.09712555,0.07960276,0.047354024,0.118365064,0.18149896,0.16169426,0.11340742,0.17600153,0.06661475,0.09898016,0.12045734,0.10351051,0.09692332,0.0756932,0.063712455,0.080713056,0.1345005,0.063450105,0.12479488,0.062085032,0.07098758,0.09225343,0.092567414,0.15892476,0.11854668,0.065833345,0.22186956
0.095188804,0.18122324,0.085447684,0.18700701,0.13279262,0.10399115,0.084124655,0.06023809,0.036526386,0.083827965,0.03681794,0.14386028,0.049079746,0.03305601,0.05418154,0.05644656,0.07834295,0.03514075,0.032520533,0.056686476,0.04262826,0.070828855,0.044847373,0.11873327,0.095194444,0.0383514,0.050987355,0.07260549,0.051731233,0.04369037,0.028002372,0.032320175,0.030553296,0.1007904,0.020948142,0.07945001,0.03627598,0.048886005,0.08517887,0.026516382,0.0338317,0.05374583,0.084417805,0.12866017
0.20158616,0.2146242,0.15356289,0.22441018,0.30877948,0.27819815,0.19335158,0.19444567,0.14201394,0.20137317,0.16308056,0.25933906,0.14387573,0.06666622,0.1279342,0.11071584,0.21577379,0.17247765,0.08044815,0.19294341,0.08408128,0.19107392,0.08351169,0.1536239,0.14788556,0.11723379,0.073601015,0.17342894,0.15139584,0.05993128,0.080465496,0.13113089,0.098442756,0.22269486,0.04205215,0.11430984,0.16431156,0.114375584,0.18763055,0.06923938,0.08536828,0.08205555,0.046620376,0.107193254
0.27648264,0.2920925,0.048668414,0.07525172,0.15948616,0.11380614,0.16175105,0.09122752,0.023496388,0.037791774,0.022463355,0.0555817,0.016761772,0.008247402,0.031031368,0.013377681,0.096455194,0.04118806,0.009215955,0.009144361,0.02130206,0.1915505,0.036599297,0.09145957,0.34802464,0.015409238,0.027517838,0.04134531,0.022380749,0.014325558,0.012230927,0.05279991,0.039237764,0.13337882,0.012664164,0.031866726,0.10303896,0.085927814,0.058339756,0.023634145,0.011882962,0.005587042,0.017054182,0.36675107
0.02240451,0.08017201,0.027732093,0.046453267,0.025263093,0.021095634,0.14897656,0.013843951,0.004976117,0.013879411,0.004398088,0.025464566,0.0042887726,0.0028288772,0.0075891456,0.013018244,0.024614323,0.010285572,0.0072001526,0.020757958,0.0074984366,0.031054938,0.017934155,0.015304167,0.04098863,0.013973444,0.028642787,0.00888193,0.006598905,0.00708345,0.0036600577,0.013600153,0.012899014,0.034761872,0.013839519,0.007649241,0.012777789,0.0070936787,0.00970897,0.009274616,0.018193819,0.013968503,0.010700552,0.06382887
0.13950582,0.116056725,0.14598304,0.1152993,0.11614946,0.1021234,0.20236188,0.17616096,0.12272962,0.13535719,0.055076417,0.15853153,0.050973605,0.019887216,0.05971099,0.049081516,0.2332909,0.13584387,0.02393369,0.20353605,0.027525887,0.25528407,0.0512233,0.10517492,0.18282232,0.06586748,0.16669305,0.1532482,0.07351916,0.07049383,0.08989,0.17207785,0.039273452,0.1404679,0.035426147,0.08178274,0.16884823,0.062950514,0.17414817,0.047913693,0.049353283,0.0255321,0.048476562,0.17527944
