0.049334593,0.036341134,0.03389432,0.025204808,0.014335045,0.027105294,0.027572563,0.024211647,0.0067611984,0.013843505,0.031786103,0.021206474,0.011182783,0.034002643,0.011841432,0.018939225,0.04387128,0.048793986,0.07319001,0.08194254,0.08971242,0.055961948,0.045428365,0.08715693,0.03526489,0.014970247,0.029447934,0.036107406,0.032194,0.060062334,0.07585611,0.09187932,0.1230784,0.082493186,0.06197957,0.043276142,0.04309516,0.033843983,0.019207528
0.31365916,0.25143763,0.16671202,0.31052846,0.16454807,0.15359236,0.2218663,0.28939193,0.175239,0.19723508,0.16076212,0.05797649,0.14966862,0.17526668,0.09789406,0.10020278,0.08584176,0.428165,0.5609241,0.2619491,0.2713201,0.3247869,0.20689689,0.27914786,0.24214323,0.07719571,0.07586612,0.09445681,0.21007769,0.19910634,0.16046445,0.24172874,0.21809743,0.11627774,0.06428902,0.0726416,0.057609566,0.13461496,0.1374639
0.06573329,0.14417745,0.14342321,0.11994283,0.09923284,0.09070728,0.10716754,0.17818908,0.10433675,0.15955035,0.17162237,0.102590665,0.10193634,0.11873383,0.047596496,0.12876111,0.14551423,0.26916033,0.24761254,0.24019985,0.16240041,0.058174882,0.13872278,0.14991146,0.089753896,0.12595823,0.21074434,0.17278871,0.2915219,0.31373435,0.27281117,0.18785687,0.27457032,0.18113165,0.23371191,0.21954928,0.1651834,0.16612531,0.15265271
0.5588634,0.16542658,0.17405356,0.26858962,0.11730995,0.05259977,0.13613532,0.24715333,0.16077122,0.26990104,0.15927568,0.0481011,0.10779666,0.12559061,0.049723733,0.08300263,0.07651146,0.113846734,0.1037442,0.13468084,0.16044065,0.16778484,0.17144386,0.13785045,0.13787208,0.086797886,0.12747394,0.10869325,0.18938185,0.20365755,0.19004709,0.1817257,0.12632833,0.054199483,0.045234572,0.06278451,0.0676388,0.03125084,0.052547712
0.13487305,0.33257872,0.41921112,0.3643981,0.34153718,0.20016915,0.22072944,0.24052687,0.21888256,0.16461211,0.24567199,0.15457933,0.23407285,0.215189,0.2073143,0.21154231,0.28270856,0.40092164,0.35364577,0.22021788,0.32982332,0.24988298,0.24896051,0.34771243,0.33618098,0.20014828,0.23787008,0.2983809,0.40210283,0.33854458,0.23849408,0.26535606,0.265549,0.34808654,0.25084165,0.18168163,0.0732253,0.10963806,0.18450695
0.4035748,0.56758505,0.4616049,0.1301412,0.040216446,0.041497257,0.021744285,0.1279117,0.08055554,0.07678812,0.07257296,0.0263737,0.018284606,0.05677869,0.031229453,0.10537134,0.18276653,0.34033298,0.27461717,0.24089175,0.25775996,0.10789473,0.08646115,0.09509886,0.038038444,0.049985223,0.039231155,0.07745755,0.07534143,0.24731994,0.08115226,0.15278958,0.13194366,0.11239735,0.15888214,0.18979706,0.24452476,0.074322,0.26625833
0.5455964,0.45869532,0.30565563,0.313678,0.15496467,0.26592243,0.08890086,0.43238062,0.26908824,0.3605157,0.33129868,0.051873315,0.038878504,0.23406053,0.032212265,0.13727222,0.22193897,0.052500773,0.2871346,0.24604324,0.29534498,0.04641133,0.23682119,0.5557555,0.113453746,0.06757786,0.1565259,0.119459435,0.047984865,0.30825657,0.33261645,0.15013611,0.21028565,0.17026296,0.07559423,0.16745894,0.1908043,0.079105556,0.15690784
0.19609219,0.48139903,0.54111326,0.556122,0.34069863,0.29727632,0.4581305,0.7130634,0.14687786,0.14543547,0.2719331,0.13024144,0.24586315,0.13584666,0.08305534,0.3054199,0.51857597,0.9169248,0.83280593,0.77194136,0.36553383,0.43066132,0.31518605,0.48231402,0.41164234,0.5555399,0.6862874,0.6585191,0.6882135,0.55515933,0.26931906,0.47390196,0.42470247,0.39981097,0.32986152,0.27713865,0.39465466,0.47716716,0.38044947
0.32414967,0.47489592,0.1883618,0.11274447,0.06003124,0.022485495,0.09866603,0.23654409,0.06129609,0.08702525,0.086543426,0.03163455,0.03533705,0.067570075,0.0381489,0.06497997,0.083023556,0.219181,0.115981765,0.15156803,0.11830374,0.12413937,0.15808833,0.09597776,0.074617505,0.03496382,0.06491537,0.06614588,0.10822392,0.1853466,0.11809149,0.13180146,0.1322328,0.0560269,0.09424099,0.068356976,0.04995003,0.06864763,0.29615217
0.47190946,0.53052783,0.27529123,0.2983946,0.10949393,0.040113483,0.086982,0.34748155,0.19181013,0.17069536,0.14920905,0.080604546,0.095850326,0.09942897,0.08981108,0.1458905,0.20711108,0.35265484,0.30191436,0.18320575,0.16439451,0.11092496,0.12519673,0.22712573,0.086905286,0.18381545,0.29395342,0.22835456,0.50450665,0.24697027,0.19810422,0.34352717,0.24200338,0.16076143,0.20750667,0.13481101,0.13578635,0.122730315,0.12773821
0.055863902,0.1266799,0.08567128,0.07299107,0.04877277,0.040491596,0.09013008,0.4289285,0.033844978,0.05055247,0.03045715,0.016605172,0.04361631,0.039544128,0.025028966,0.05343856,0.07422637,0.15903927,0.36358958,0.25611827,0.154465,0.1266826,0.17144753,0.3482734,0.12486616,0.03453565,0.06683908,0.10042551,0.023798598,0.19986822,0.1053881,0.09175781,0.19369994,0.06397358,0.056046866,0.05882371,0.05363934,0.029274711,0.038661018
0.86268866,0.8053524,0.48255658,0.264057,0.09106029,0.035532244,0.10831638,0.44879618,0.092769116,0.096757956,0.12432268,0.06190259,0.11825077,0.098182775,0.0604081,0.21590963,0.26987398,0.5759352,0.6229321,0.5687166,0.5034559,0.43478605,0.6340682,0.3966459,0.11597439,0.15167561,0.35209602,0.23769468,0.2961856,0.6064174,0.42365253,0.39033616,0.3747078,0.060051113,0.1208134,0.06262453,0.15681109,0.13512133,0.11956028
0.5254005,0.9102779,0.56290495,0.27592853,0.262441,0.056313403,0.27055076,0.5000134,0.08439782,0.10263429,0.1973894,0.0995253,0.15902272,0.1550818,0.09943293,0.11338002,0.7670317,0.9753648,0.93604565,0.957914,0.6606908,0.82231337,0.6374892,0.5703351,0.37950876,0.82681835,0.8212067,0.73155314,0.9613007,0.8201391,0.31086057,0.59613097,0.7157937,0.5743359,0.7131827,0.40146413,0.18631116,0.59487724,0.8835316
0.53481746,0.531237,0.28900748,0.3695838,0.2342085,0.14140573,0.2233129,0.29463872,0.05373201,0.11662436,0.19882073,0.12067846,0.12180057,0.1237582,0.16110004,0.18765162,0.23607235,0.6970253,0.6872845,0.68485385,0.25168812,0.2909893,0.28560275,0.41086417,0.28009242,0.51716304,0.71340215,0.5986862,0.65925765,0.40597183,0.3835014,0.36208975,0.3298893,0.21483135,0.29846954,0.20192115,0.08913611,0.35479456,0.45044297
0.767851,0.5081236,0.31683055,0.24306682,0.17723955,0.10032954,0.22013403,0.42710963,0.087807186,0.12377187,0.16094443,0.08294502,0.09097909,0.073338546,0.055100806,0.044917893,0.10320885,0.49010488,0.563782,0.53949344,0.261805,0.2747434,0.14258733,0.38010672,0.18234153,0.18209566,0.1628443,0.24735244,0.38195407,0.2803634,0.12140581,0.19911736,0.23332278,0.060142174,0.040260226,0.055969838,0.08647144,0.18754709,0.37895957
0.2109873,0.31125072,0.32834247,0.2071384,0.07636334,0.061255854,0.13111785,0.17094794,0.046862364,0.08040228,0.12677817,0.05529538,0.064458676,0.086565204,0.048772242,0.056971766,0.059864722,0.13686404,0.2240929,0.13465461,0.09015663,0.03530812,0.06401181,0.19190712,0.09369386,0.044788398,0.055627484,0.07690966,0.11648566,0.07354864,0.059676345,0.07253319,0.08321503,0.02671308,0.054698423,0.076663196,0.07960469,0.059603244,0.113477334
0.3234022,0.24117981,0.048427057,0.049013104,0.01906294,0.026529102,0.051537186,0.039237335,0.027277116,0.040189255,0.04317738,0.043134768,0.067457974,0.05450638,0.019980237,0.052968644,0.06821935,0.23696323,0.14245367,0.120118886,0.05078945,0.08834187,0.08247221,0.07186995,0.0544171,0.043653216,0.040305976,0.079376586,0.23417984,0.1344537,0.13220926,0.08018038,0.120350175,0.1656799,0.15402433,0.08204698,0.065672934,0.11846918,0.15472884
0.13548961,0.12479392,0.013989368,0.013414594,0.015038025,0.007892301,0.030559361,0.0417418,0.018839119,0.03092232,0.025368705,0.04954997,0.036946286,0.030959016,0.015597457,0.10361279,0.24314381,0.2517924,0.14011876,0.13456535,0.022768268,0.021358646,0.06921193,0.050389923,0.07617107,0.23224536,0.1034264,0.077192396,0.06994539,0.19639759,0.093492806,0.09705466,0.15147176,0.08509118,0.06077103,0.02666253,0.011871903,0.10590124,0.3799947
0.21273671,0.14213283,0.048903838,0.02748317,0.012380292,0.023800509,0.029890737,0.03838387,0.014928612,0.01935467,0.0591265,0.014327319,0.0116666425,0.014354621,0.020809751,0.06344516,0.07231477,0.06766112,0.067173876,0.028046083,0.019086432,0.024190303,0.028318755,0.04740335,0.017063355,0.03910623,0.05203752,0.033641845,0.02884531,0.051836926,0.0572056,0.051247675,0.038787648,0.03126744,0.034920976,0.047643527,0.03908896,0.025593046,0.06902365
0.5263233,0.32259408,0.14595,0.09199941,0.058432218,0.032144345,0.07841418,0.097952075,0.056516353,0.14028497,0.1258866,0.048589677,0.16748394,0.058058813,0.08418044,0.3672986,0.2489094,0.21922173,0.2085033,0.46859914,0.06254145,0.13464752,0.0785793,0.114724524,0.12018636,0.08589149,0.065758616,0.08069983,0.1996901,0.2500522,0.23771541,0.15526696,0.14667957,0.064036526,0.19805342,0.0408001,0.03319209,0.56225324,0.52828455
0.34232154,0.47077632,0.551362,0.36664796,0.11426299,0.07513719,0.119898215,0.28008425,0.1814473,0.21512823,0.15625454,0.063076295,0.12437906,0.23655067,0.16136155,0.27239117,0.36422837,0.39515254,0.23194192,0.34398806,0.42566833,0.25805402,0.36603847,0.2765839,0.15520802,0.15850575,0.2739601,0.26112205,0.4419555,0.49525562,0.3718311,0.38967416,0.29170892,0.30058843,0.2783873,0.14059575,0.10052982,0.19892813,0.27775347
0.035676874,0.13014819,0.20827775,0.20421746,0.09376807,0.05657867,0.08013316,0.351887,0.027007617,0.06897833,0.043102723,0.0807406,0.19528534,0.13603541,0.027174175,0.042045664,0.1649743,0.37631157,0.3130042,0.2453663,0.26589713,0.12275531,0.27651206,0.2893061,0.11798392,0.09512986,0.14602816,0.17902347,0.15489067,0.18643066,0.167123,0.3358283,0.30327794,0.06328163,0.070219494,0.039645948,0.026080541,0.017683623,0.039070405
0.9358282,0.99456203,0.844703,0.45450878,0.18336579,0.061948,0.27711552,0.8411851,0.113132864,0.18716092,0.18212989,0.050668996,0.17426418,0.115058616,0.07365458,0.20794807,0.44374788,0.98405224,0.757631,0.83643514,0.42207652,0.37500098,0.4414412,0.18923166,0.09684574,0.58459574,0.7610983,0.5625991,0.9891058,0.9174996,0.5749229,0.86458695,0.57162124,0.42846242,0.72443044,0.3664681,0.13408677,0.2581699,0.8638638
0.12479903,0.38601026,0.1664267,0.12110521,0.051784895,0.06744435,0.066823065,0.25987455,0.061503887,0.11743712,0.04768756,0.03976582,0.058927678,0.13019902,0.018192617,0.063003145,0.06466048,0.15826319,0.0774035,0.05586369,0.027215177,0.028337793,0.06389138,0.09747121,0.027771821,0.03656685,0.10903883,0.038036115,0.11116847,0.4089769,0.27762493,0.12427367,0.264764,0.083435126,0.053380035,0.06580269,0.033484947,0.023174716,0.09239394
0.1874024,0.22766359,0.33412868,0.3195704,0.07823729,0.18489403,0.08747961,0.18884768,0.023559295,0.044509877,0.08659258,0.07841746,0.029909119,0.08329833,0.016618526,0.14199181,0.16990648,0.38312176,0.628179,0.67250836,0.20927092,0.08286624,0.08543809,0.47547966,0.11120226,0.17691633,0.23879403,0.3668753,0.10152423,0.07211911,0.05171395,0.17668569,0.097188786,0.25157142,0.13068257,0.08689518,0.1284941,0.044052884,0.054113347
0.27925164,0.61574847,0.36360213,0.15492333,0.059304975,0.011503436,0.05281078,0.20189945,0.03593982,0.026197543,0.05619434,0.034588344,0.01964377,0.028060444,0.008947211,0.077503204,0.18613183,0.8428877,0.4985921,0.7237929,0.1894503,0.20748618,0.13899519,0.1537049,0.06346626,0.09839116,0.24182753,0.26079684,0.52212405,0.4438735,0.114583954,0.2731144,0.18077356,0.33904126,0.42077866,0.18262151,0.2238062,0.095102355,0.17897227
0.64000535,0.44956994,0.3801894,0.20084952,0.16056977,0.1388275,0.15716113,0.1527918,0.14858444,0.1904665,0.18930706,0.12421843,0.06966084,0.1772205,0.11873425,0.12809835,0.26893455,0.32475325,0.23511218,0.20774029,0.27600408,0.20446716,0.41728848,0.1808396,0.21362619,0.12765741,0.11864759,0.113448866,0.1488006,0.24441323,0.24138695,0.3352751,0.27105266,0.25496772,0.39004996,0.10073443,0.16937566,0.18840556,0.23085022
0.8044652,0.7496297,0.49270186,0.2377598,0.07524675,0.06361233,0.06317156,0.21722876,0.0832284,0.060822688,0.0989109,0.03928319,0.024306437,0.060827784,0.03987437,0.21955252,0.44834185,0.39655897,0.6910279,0.57812345,0.21365617,0.064432584,0.16691145,0.3615882,0.23440087,0.15399563,0.1601261,0.21384977,0.119035736,0.17688397,0.102592416,0.106131226,0.17270195,0.049372513,0.06783292,0.12804641,0.1259673,0.09056761,0.37021127
0.25334662,0.55783546,0.46670553,0.23931545,0.12650435,0.043924294,0.13780664,0.32316417,0.030806491,0.0718268,0.13076083,0.02974655,0.05109378,0.042801544,0.03999329,0.10951082,0.26575547,0.43980998,0.27583346,0.23545071,0.16520919,0.10473118,0.15036061,0.16603363,0.18641767,0.14782552,0.22237365,0.23189196,0.33418658,0.2693799,0.15074505,0.18695013,0.17931226,0.07043289,0.13726905,0.11699807,0.058552075,0.090341195,0.12593782
0.19523561,0.55145276,0.40191054,0.13625015,0.06809812,0.06384705,0.13331527,0.31684226,0.015837258,0.023773396,0.08233685,0.03160874,0.05516268,0.038975675,0.016259992,0.100331806,0.2659367,0.9362069,0.7762136,0.46648407,0.17292339,0.294066,0.100735866,0.581722,0.3559372,0.31655535,0.65373313,0.5903615,0.5822136,0.03517231,0.02694766,0.24230582,0.2216303,0.22825715,0.4965887,0.27880734,0.29602164,0.625265,0.6734043
0.617899,0.9082354,0.5975148,0.2967772,0.20441957,0.061742656,0.22834118,0.6260184,0.04294509,0.09763438,0.123907335,0.039727237,0.07735495,0.02779437,0.05094496,0.14576264,0.539744,0.88925785,0.91519225,0.82277584,0.1879928,0.21013318,0.11955153,0.5003517,0.45057288,0.53677404,0.51643723,0.49292332,0.48754033,0.61004657,0.31920862,0.44619444,0.3800575,0.16205479,0.5311655,0.25679833,0.116345085,0.51993597,0.6268861
0.15979594,0.16192883,0.3021772,0.16046804,0.043172833,0.021694453,0.087073274,0.23582962,0.016243942,0.023995692,0.060339354,0.03671005,0.028121443,0.031560775,0.0123177925,0.11816082,0.15469652,0.14767765,0.48981684,0.3667404,0.11691134,0.049774155,0.07869554,0.22620657,0.08658432,0.050860625,0.1542793,0.13007207,0.057371408,0.15034904,0.05460621,0.09852037,0.11923283,0.089443505,0.038607463,0.057188287,0.0704673,0.036906354,0.03673879
