0.15343007,0.018648695,0.021504872,0.007992557,0.017701278,0.027922085,0.008908235,0.0021259014,0.0018132891,0.00804672,0.008756475,0.015318327,0.013483542,0.03509644,0.01705443,0.014075467,0.0076078936,0.0039028823,0.007011515,0.003264639,0.033488646,0.016668776,0.004234289,0.0062630423,0.0027416346,0.039754692,0.1269439,0.006503301,0.013325619,0.022688918,0.05128914,0.0061581135,0.0030781452,0.008622565,0.0031231213,0.014229836,0.00801721,0.0064080455,0.0067172176,0.027877357,0.021528719,0.009111801,0.017389541,0.01375572,0.006677863,0.013858205,0.009868417,0.016550977,0.015655229,0.03500261,0.011151887,0.017740453,0.010061226,0.034135006,0.04011003,0.13856442,0.027887257,0.019795882,0.4321995,0.014610874,0.06533449,0.014640997,0.00937679,0.0077426056,0.008478152,0.09439093,0.010550668,0.11116616,0.38561574,0.03063026,0.011967785,0.0033028654,0.025183659,0.006174264,0.009763982,0.006916565,0.004679599,0.010495752,0.007715636,0.014679069,0.022748966,0.092127435
0.0432392,0.05350215,0.015186737,0.0119955605,0.025035178,0.0059575043,0.016200196,0.004962773,0.009624838,0.007012212,0.022616962,0.032636963,0.06897173,0.0091674,0.008294809,0.014309735,0.017732155,0.014074134,0.016929546,0.006149421,0.013315295,0.018869389,0.029690135,0.023348877,0.049720507,0.01346584,0.022832822,0.014642347,0.011033637,0.011264678,0.006971698,0.01095756,0.0067037335,0.008202653,0.0048246114,0.031215938,0.0068077845,0.01243164,0.0074557364,0.0068701217,0.013761449,0.0073299687,0.0047320724,0.0036613906,0.0032628644,0.004695635,0.012172815,0.01307744,0.0074878824,0.008818094,0.012580671,0.006935512,0.028839324,0.007897039,0.007929197,0.03752977,0.018299518,0.015734676,0.034651134,0.00952278,0.005738652,0.008693155,0.005607494,0.021262411,0.004293626,0.026044894,0.014330597,0.017525645,0.027886594,0.04180001,0.011194067,0.0065917852,0.030177768,0.009185984,0.010282409,0.004839165,0.0049244985,0.008263959,0.01291492,0.012394171,0.006796293,0.019582523
0.045692254,0.01613917,0.009538107,0.011494533,0.01445711,0.01519759,0.012371509,0.0039714472,0.002759566,0.0026209734,0.011882448,0.018838085,0.0059075286,0.006829799,0.050518647,0.0056179473,0.015994485,0.01622946,0.06547327,0.0141860675,0.015069289,0.008818962,0.0023756123,0.008020533,0.00501221,0.009954062,0.042077683,0.009402057,0.0060433676,0.009818504,0.016888577,0.009962866,0.008838546,0.034184325,0.010447183,0.010043497,0.015497858,0.011987996,0.006015295,0.009892041,0.009829052,0.009596701,0.010550299,0.010249604,0.0044413903,0.01298948,0.013175169,0.010132017,0.009991003,0.014452483,0.016376518,0.011778067,0.0040485156,0.014481026,0.23308438,0.059638493,0.024242066,0.02714619,0.12710652,0.017350467,0.009362491,0.037024718,0.007823589,0.009001734,0.00584913,0.029289385,0.0104951365,0.010511639,0.22257954,0.047937855,0.017160697,0.00832753,0.0058159954,0.008118161,0.008272171,0.0055700396,0.0035668868,0.009568135,0.01152491,0.014665449,0.006379263,0.017501103
0.050357096,0.0528434,0.09409671,0.051511202,0.07486183,0.13443343,0.044117156,0.029821642,0.02242611,0.024694875,0.048805133,0.037524197,0.109035134,0.056194957,0.07426053,0.06811461,0.06999483,0.030595703,0.041250445,0.035635237,0.08331089,0.011314926,0.029331943,0.025533237,0.004572587,0.066892065,0.06282146,0.028749187,0.023741944,0.03748363,0.08202463,0.028991397,0.02366419,0.027079161,0.031067928,0.010788694,0.014532228,0.01854989,0.015476702,0.036716577,0.023671703,0.028321845,0.036354594,0.05893862,0.022264997,0.021319011,0.026189934,0.04280231,0.046973202,0.04004656,0.038996026,0.061299592,0.15177943,0.14555463,0.1366632,0.15139389,0.035601247,0.048090123,0.43109012,0.07139852,0.11433762,0.18067215,0.07103157,0.015644524,0.10010123,0.115363434,0.062212903,0.040064644,0.36042038,0.05914532,0.02814642,0.037186768,0.04750233,0.07637678,0.08733943,0.09453505,0.041911576,0.06920439,0.11517078,0.064939484,0.10279271,0.07688661
0.025010208,0.029956756,0.011425756,0.008125418,0.026162198,0.040350564,0.00860185,0.004708867,0.0032850574,0.02077269,0.010920176,0.01452835,0.027240615,0.05430854,0.020878945,0.033929795,0.009482491,0.012309848,0.0039892024,0.020107834,0.015580413,0.003654879,0.002095375,0.07676855,0.012349212,0.030245552,0.015805488,0.016209928,0.010945366,0.010951378,0.051608235,0.0062329355,0.013992215,0.0030420257,0.0051738713,0.0131968865,0.031659693,0.038790025,0.023440257,0.010097632,0.008575151,0.0060138027,0.03910643,0.0062263235,0.005553822,0.021346288,0.0072268345,0.0046871915,0.0488954,0.06669005,0.0177945,0.057060234,0.02254529,0.009160819,0.005580899,0.12029348,0.0086120665,0.067866184,0.0515892,0.042320505,0.05248855,0.0064911125,0.0050571593,0.006272072,0.02125042,0.019810233,0.0054539936,0.010098165,0.041467622,0.015954446,0.020334758,0.004666529,0.009197083,0.007153502,0.0052680904,0.03897128,0.021111228,0.016742643,0.0068468167,0.0065553063,0.06190072,0.026070023
0.012102992,0.049942207,0.094494075,0.03257749,0.020960808,0.15181704,0.04044972,0.021958647,0.009362598,0.028980844,0.04349788,0.034293715,0.0892437,0.1240178,0.028685736,0.051595405,0.022216361,0.031753793,0.046448305,0.025084954,0.04011992,0.013546496,0.022988,0.010351588,0.0037877683,0.06928499,0.008279491,0.016030546,0.012317308,0.008688703,0.061994933,0.011062984,0.055339858,0.048655145,0.007820094,0.030242061,0.013085068,0.030597067,0.002610345,0.021855768,0.0039053923,0.008508543,0.030038586,0.010314004,0.007395274,0.09365927,0.011645568,0.0092514455,0.042150296,0.08651445,0.017091846,0.0068699457,0.019209107,0.03651648,0.01810921,0.14281681,0.009384673,0.012937783,0.04080639,0.003930499,0.107960746,0.080505975,0.01236511,0.007690125,0.08740247,0.0127018355,0.013748604,0.059643764,0.016247882,0.021226475,0.014418272,0.009314887,0.12687586,0.0022671332,0.0049376567,0.017464189,0.005613495,0.023560558,0.02624618,0.03260904,0.066972405,0.0075462232
0.02062186,0.012645282,0.014705207,0.008432349,0.02960852,0.006581468,0.01318157,0.009933734,0.04293499,0.012418341,0.040754464,0.036573533,0.017563047,0.044759523,0.0063650426,0.012073718,0.033813085,0.022270534,0.013301064,0.011720421,0.035277214,0.036049362,0.0067104585,0.013633492,0.002789614,0.029820792,0.023890764,0.0064842105,0.01713624,0.009735254,0.0071010613,0.024633205,0.030310415,0.013254465,0.019251464,0.007386765,0.015523045,0.025775146,0.00424995,0.013559061,0.01252069,0.010893878,0.009872286,0.015695222,0.006091594,0.028030407,0.09072544,0.059933662,0.01031036,0.03256682,0.010981446,0.017198322,0.0059801303,0.041328568,0.0037897239,0.030915564,0.01931725,0.012157641,0.03311561,0.008894481,0.04303861,0.010325642,0.007516392,0.0038851348,0.033711355,0.0071914564,0.019429592,0.011015069,0.006907629,0.036745243,0.007112167,0.007765661,0.0026213978,0.019872965,0.019149853,0.009649153,0.005599527,0.00929412,0.015353445,0.0057709245,0.016664295,0.0062588267
0.013562419,0.006837415,0.007623489,0.017491238,0.0076448587,0.026950404,0.012229999,0.006138028,0.0035425688,0.010507435,0.015471656,0.1488834,0.017440757,0.16894883,0.0055151754,0.03713034,0.017532114,0.024426242,0.0070335893,0.042748768,0.11097458,0.017484233,0.003770163,0.021370417,0.003879876,0.05790539,0.003967807,0.11052832,0.011013163,0.009876277,0.025607025,0.0038773732,0.011204642,0.0042033815,0.007017174,0.007998629,0.018970773,0.017982112,0.0020847688,0.036098678,0.024378452,0.008399528,0.030521104,0.012192725,0.003873606,0.03603149,0.010683114,0.13921505,0.024036093,0.10955879,0.022088775,0.013221868,0.0040930123,0.024757147,0.012920228,0.04269446,0.0064844624,0.01861058,0.03584927,0.017016115,0.08959189,0.006792446,0.0058006556,0.0032365764,0.009157607,0.0039457995,0.1315037,0.013712356,0.03615766,0.2360253,0.026770575,0.0060408525,0.0034787783,0.0028053087,0.10267055,0.015898162,0.016067242,0.020822138,0.010108372,0.17927209,0.07605954,0.0055725174
0.085350774,0.14499293,0.117833026,0.060862143,0.067627214,0.080086574,0.113230556,0.094044715,0.059303056,0.08234289,0.1127094,0.10223023,0.09019183,0.113861255,0.06863221,0.083644524,0.101670414,0.12247319,0.07186151,0.09430041,0.11614294,0.125968,0.099020205,0.16687438,0.08485446,0.070501216,0.067434624,0.01963615,0.0482167,0.08076012,0.08111777,0.08017527,0.10575709,0.06458742,0.09866702,0.07153006,0.07586615,0.13785477,0.048996016,0.05968863,0.05631594,0.07622857,0.07006955,0.08258423,0.034000084,0.07864095,0.10358973,0.19142191,0.10316227,0.058502495,0.0758764,0.09784357,0.07148653,0.21086606,0.05504734,0.091364264,0.0810298,0.06507958,0.040858213,0.06408064,0.11767878,0.12217363,0.069582015,0.06389771,0.057906296,0.034315668,0.051803097,0.090006076,0.02333359,0.18182063,0.073162705,0.052183904,0.08500053,0.07820627,0.10058141,0.06648062,0.038495447,0.07021394,0.06597854,0.11313286,0.07690145,0.03189095
0.043980103,0.05724422,0.031945873,0.0297852,0.043105736,0.026112625,0.026706506,0.020476026,0.01573501,0.011391439,0.01774296,0.019499986,0.022954026,0.014454974,0.0145409405,0.021086117,0.019189967,0.01442911,0.019091155,0.0073568793,0.022251137,0.03955581,0.030516386,0.023529077,0.020031815,0.028166367,0.067512885,0.017213963,0.019127904,0.023294298,0.030039907,0.012982079,0.0121898055,0.013365626,0.021806847,0.030622397,0.017152619,0.012029635,0.015657209,0.026008695,0.023315346,0.01715284,0.020049026,0.025735164,0.013499183,0.023783062,0.016854322,0.017842785,0.022410017,0.024347875,0.017944453,0.029102117,0.023726143,0.032033876,0.020019358,0.055725504,0.0307757,0.050383262,0.026420856,0.019503593,0.026859678,0.023174746,0.016121086,0.021315567,0.015261541,0.04736996,0.015811132,0.025574066,0.018335368,0.028331045,0.020767797,0.015509444,0.017297812,0.022483908,0.026744923,0.031006211,0.018963903,0.02172828,0.015991746,0.01802363,0.06829892,0.039176755
0.042622782,0.01750339,0.011446181,0.01296686,0.043831293,0.00982676,0.019987334,0.004922148,0.006667845,0.0073699392,0.012951671,0.019970877,0.015925921,0.004753486,0.0061038136,0.013941094,0.005404369,0.004353796,0.010609732,0.0019071548,0.009944746,0.0037357013,0.005419518,0.010335662,0.007199454,0.006247994,0.059317444,0.009913296,0.011241514,0.009803169,0.015696064,0.0059672906,0.0063026263,0.008767905,0.0063087023,0.014319921,0.0064130826,0.0034302883,0.008627193,0.005821113,0.016579945,0.009925874,0.00590543,0.012124387,0.0078034108,0.004112719,0.0069299783,0.010970226,0.011970923,0.0067920242,0.008732283,0.0059846477,0.012684995,0.010014166,0.0063976524,0.02545981,0.009458516,0.0142721385,0.041350644,0.025069943,0.004858558,0.0050814855,0.010026517,0.006649458,0.004802211,0.037746806,0.014269698,0.009571479,0.029935062,0.019179398,0.00918928,0.0048857434,0.013423481,0.003784915,0.007690615,0.003063442,0.002267435,0.00810225,0.0026752793,0.010522758,0.025298398,0.047160182
0.043137398,0.009913543,0.02081663,0.03860723,0.06578715,0.045567837,0.029126283,0.009581236,0.0097638145,0.009658566,0.036058005,0.06894372,0.03846952,0.041680325,0.018088687,0.017087258,0.026276462,0.02196256,0.017502734,0.017255548,0.01589406,0.034868985,0.013254985,0.026818527,0.009672488,0.012503758,0.08064016,0.013916762,0.018446067,0.013274459,0.018420111,0.013500205,0.0107261045,0.010628246,0.007870059,0.011952834,0.01148706,0.031474255,0.01249992,0.013022425,0.007868277,0.01664418,0.018040342,0.007822933,0.0037062156,0.01508388,0.009260556,0.022337694,0.014275962,0.020038916,0.01316065,0.011482063,0.008417596,0.021088421,0.0073513305,0.045822255,0.024709236,0.02952868,0.027558925,0.03164733,0.028193949,0.0141327595,0.009089658,0.0075248866,0.010784233,0.028997881,0.011162152,0.020132206,0.019110017,0.040976197,0.012090458,0.006543216,0.006975734,0.010918913,0.0056771273,0.00397973,0.010194393,0.01716491,0.017463028,0.011804583,0.010724517,0.020319503
0.097359225,0.17224911,0.11029189,0.059159346,0.1349689,0.17662875,0.033725467,0.04103438,0.016515855,0.03263749,0.043993395,0.06769174,0.07898402,0.11237578,0.0651012,0.102604136,0.045559067,0.07394321,0.08292753,0.06039707,0.07510226,0.050982665,0.044199802,0.03474608,0.033934463,0.10453823,0.068843484,0.031727113,0.038220424,0.038224418,0.12850536,0.01884569,0.03167695,0.027129745,0.030745242,0.05219078,0.028908068,0.021721102,0.03419789,0.030379815,0.03002876,0.047176898,0.09521748,0.03628618,0.034645714,0.075341396,0.082248434,0.0815967,0.05408028,0.0874844,0.06632253,0.054063886,0.049140282,0.07248068,0.08354561,0.6175106,0.07640138,0.15174577,0.5547643,0.17731267,0.2806111,0.06902174,0.044973504,0.10168291,0.07789875,0.07585873,0.05038144,0.054599416,0.40262207,0.026653796,0.08541823,0.073148295,0.074462,0.09838756,0.043991517,0.07262902,0.06549711,0.07237221,0.15924552,0.08430586,0.10730516,0.11168458
0.012877323,0.015710162,0.014506506,0.044444986,0.035466064,0.05904694,0.11878483,0.039496865,0.06888355,0.1084774,0.22130519,0.18546757,0.041107144,0.10260936,0.12395993,0.18109001,0.15921253,0.13558301,0.067930885,0.111595646,0.15422927,0.05082157,0.0031545898,0.03142548,0.02046637,0.11769821,0.024460353,0.15618342,0.1396272,0.17838268,0.31015164,0.08412164,0.09953108,0.07629377,0.047552325,0.009304397,0.06786108,0.13029177,0.114976846,0.10702352,0.13512906,0.069166034,0.1021948,0.14173919,0.14710358,0.11755207,0.10128728,0.09481546,0.044437617,0.09544351,0.13050921,0.09779819,0.00919733,0.108192146,0.0715457,0.13824826,0.072748214,0.050230827,0.017096471,0.04922516,0.067753874,0.09139641,0.12499197,0.030984014,0.080569096,0.019845262,0.15166453,0.18074818,0.031333786,0.17912467,0.17271702,0.12021942,0.012731335,0.06834825,0.059789967,0.040680673,0.05364376,0.10588551,0.0752562,0.10509512,0.09371887,0.023169138
0.21117318,0.038196802,0.040862266,0.047495432,0.028611228,0.07017795,0.10387614,0.027045893,0.029167073,0.04083328,0.10296416,0.046644695,0.015033793,0.097865,0.14471507,0.28920794,0.14599079,0.03675205,0.03476179,0.036491033,0.18449272,0.046350554,0.0043702186,0.023637457,0.009692276,0.10646088,0.13434172,0.02800091,0.055472065,0.14055604,0.122371815,0.10864094,0.011380124,0.025287934,0.012547701,0.0051042913,0.01893676,0.02228483,0.0051018726,0.08418462,0.07438435,0.11886401,0.046822377,0.055084184,0.02094147,0.114274465,0.22569472,0.035950307,0.049299363,0.23383746,0.11500579,0.05656999,0.012359997,0.06359006,0.10778845,0.20297335,0.10605447,0.053360943,0.21984518,0.027120808,0.065987095,0.03880135,0.022306846,0.004856927,0.029304767,0.26887524,0.020008234,0.031914115,0.19927897,0.047690175,0.041192234,0.021173155,0.009000278,0.07485407,0.018539272,0.0141290445,0.011841303,0.022839809,0.18238449,0.030651955,0.09005697,0.27489045
0.049916036,0.094192095,0.106938735,0.1382691,0.16764536,0.24840869,0.1442955,0.09769256,0.086549684,0.07284162,0.11711627,0.14506409,0.15145876,0.15953863,0.13954479,0.0829721,0.14229089,0.14945878,0.08989002,0.12004244,0.24353379,0.21517012,0.13958673,0.31191662,0.2343559,0.0781551,0.03146547,0.11636245,0.05267663,0.12295714,0.35154614,0.076798744,0.093893185,0.055314343,0.2596277,0.18283087,0.14848916,0.06495401,0.09845711,0.085692935,0.029330237,0.055380847,0.2270363,0.11721046,0.09814597,0.16318464,0.24562573,0.2105871,0.18936093,0.2742417,0.13383386,0.15641423,0.18891028,0.13769107,0.3448501,0.317145,0.29615682,0.47212157,0.048139066,0.34544697,0.23169032,0.065566055,0.054320727,0.21752727,0.04843542,0.030352227,0.03387428,0.1385493,0.04729078,0.10009619,0.032167997,0.030574137,0.10160498,0.05391528,0.04565634,0.09895333,0.061177634,0.059938878,0.11461811,0.12587683,0.04467793,0.023655504
0.17933524,0.083275475,0.21571304,0.021885436,0.015718266,0.02546867,0.019507801,0.00183185,0.0016223398,0.0056043635,0.0060119913,0.010299383,0.007511221,0.014828877,0.022051841,0.11834471,0.008361429,0.009247968,0.011196841,0.00560249,0.01757076,0.0054306956,0.0030647472,0.0051345536,0.0033465894,0.014911293,0.12193632,0.023785349,0.07312636,0.025603855,0.010615401,0.010993132,0.00767282,0.010760406,0.004859517,0.004266676,0.0052091987,0.0069881966,0.0019020721,0.0051700235,0.08735034,0.015960382,0.016400049,0.014570155,0.0048435936,0.009018759,0.0066388166,0.006927361,0.0073996456,0.027533216,0.022313448,0.08337957,0.015444418,0.1920903,0.03698693,0.035998836,0.024551004,0.01658488,0.05099919,0.010223112,0.026404526,0.0950883,0.023719229,0.003954136,0.0062609827,0.3224306,0.016457964,0.24340299,0.061167408,0.07200695,0.0709432,0.030804193,0.0124524105,0.005466065,0.009472704,0.008745421,0.0053864163,0.0073915357,0.0041302294,0.0065560127,0.010176865,0.37399694
0.025409933,0.04030799,0.09435956,0.011880717,0.012255301,0.028522847,0.10618341,0.0027003987,0.0020692267,0.0026392047,0.011895277,0.013536818,0.004096061,0.002484968,0.032956738,0.07203115,0.011448804,0.007162883,0.009193645,0.0068584215,0.014960746,0.009369209,0.001707138,0.0062386137,0.0020448714,0.0045445445,0.008655906,0.07044461,0.11581486,0.0118974,0.016515942,0.008673212,0.0059385737,0.0076270946,0.0072446074,0.008492241,0.008353461,0.0130526535,0.0011938735,0.0042525874,0.118803285,0.010415076,0.008895089,0.046483472,0.007640452,0.012789719,0.0077854637,0.007173577,0.006650311,0.027204081,0.15867282,0.009259859,0.0047055706,0.015643531,0.0348869,0.028995117,0.030205743,0.023422157,0.04886934,0.0065384344,0.00909349,0.029878924,0.01368893,0.005771188,0.002967421,0.02497243,0.012962518,0.03868457,0.019548612,0.018129103,0.03343219,0.04562058,0.022484833,0.003373846,0.010056351,0.0064722328,0.0041600107,0.019147938,0.005874395,0.017317517,0.029973034,0.036586463
0.08959592,0.026640955,0.1490509,0.021723723,0.01773541,0.045995746,0.010608898,0.008973913,0.0069864243,0.008198346,0.01003759,0.01843565,0.012348444,0.0047595287,0.008763696,0.15195404,0.012206261,0.00915683,0.006745581,0.005804369,0.010223458,0.0096195545,0.0037056657,0.0066257943,0.002002702,0.007534488,0.017787505,0.061477877,0.12803541,0.010996938,0.012329531,0.011215755,0.028417913,0.01451494,0.0043793335,0.003750732,0.009500016,0.008586913,0.00370194,0.0025258153,0.05835575,0.0038291004,0.0067194295,0.007404562,0.008610734,0.011808191,0.0056044795,0.007171597,0.007654111,0.005347412,0.005117297,0.06358198,0.0057651154,0.06713907,0.04487904,0.04860929,0.0116491215,0.017137324,0.02970247,0.0040709525,0.030092351,0.06511816,0.004808299,0.0054435353,0.003996314,0.059710354,0.037773687,0.26713815,0.024898596,0.02906487,0.0861137,0.038857006,0.010777128,0.008717473,0.01344488,0.029826084,0.012724296,0.01653498,0.008227237,0.01550365,0.0038800526,0.0640421
0.030041311,0.00897199,0.017146483,0.016148208,0.00511667,0.012853558,0.010002663,0.0026782618,0.0022177505,0.001635781,0.015608401,0.02750572,0.015259436,0.0054466375,0.005040951,0.02537065,0.029353134,0.017752616,0.015534187,0.009918801,0.028007312,0.008581204,0.0041000783,0.0063938242,0.002531635,0.006282714,0.0059890267,0.012446231,0.018145138,0.5174317,0.0060753864,0.008965017,0.014230998,0.01612481,0.020923309,0.0068739336,0.0038295954,0.0076456396,0.0040427884,0.0077720108,0.030591583,0.012483095,0.012735835,0.012879504,0.06946104,0.020144021,0.0051542292,0.003220708,0.005967368,0.013281631,0.00455286,0.0058074775,0.009439849,0.016632086,0.013073164,0.04886455,0.016377034,0.01662208,0.035519216,0.020091107,0.016760621,0.012575445,0.05859637,0.0076541514,0.0066823657,0.0100241,0.0059514027,0.011598599,0.021804402,0.0124151325,0.018469416,0.018545816,0.008051263,0.0041144085,0.009913162,0.0073115444,0.005475502,0.01318076,0.0048585446,0.009218181,0.003908417,0.011823863
0.04314654,0.012621615,0.12331591,0.100239605,0.047198627,0.11052096,0.043267924,0.020925958,0.0151616875,0.23655497,0.028378911,0.035685517,0.016386662,0.26291996,0.30555108,0.10610987,0.026806012,0.014585346,0.018396664,0.014959726,0.36229864,0.012398177,0.0028035375,0.040716257,0.008615247,0.5528001,0.13881618,0.028611388,0.1465736,0.059806194,0.1736098,0.0069127535,0.013962385,0.01468256,0.006895183,0.004834464,0.024348529,0.017522197,0.010451901,0.3627871,0.053789433,0.012564207,0.15926543,0.02734734,0.012141608,0.1879167,0.012976584,0.0054061576,0.18143235,0.42120615,0.049005523,0.13967687,0.020959537,0.18355016,0.3783578,0.03840831,0.034228437,0.059365828,0.016318971,0.012588562,0.17076947,0.11190102,0.015481781,0.0052104294,0.13764177,0.05974477,0.004760468,0.13423045,0.013790568,0.018409224,0.06184094,0.023206072,0.008698245,0.008584586,0.002243391,0.03379385,0.010973872,0.06761491,0.013243161,0.006670139,0.1610177,0.07368674
0.049248427,0.030080812,0.018107964,0.022998307,0.046118166,0.012889333,0.035095777,0.009345923,0.06921694,0.004013665,0.10071394,0.21287519,0.039687667,0.007796216,0.03149533,0.015234569,0.15831243,0.039282374,0.039446723,0.030270563,0.005890015,0.050512794,0.011628832,0.015561695,0.0077727507,0.007344973,0.043029927,0.02261076,0.0035831225,0.016831696,0.0211675,0.084100485,0.02466076,0.030133594,0.010644079,0.004676441,0.014631924,0.04708933,0.0035723725,0.0024528147,0.0033478804,0.016070312,0.0041689943,0.004284097,0.002414474,0.006354401,0.046198808,0.15169883,0.0111355,0.0063859522,0.044646278,0.028959239,0.016587805,0.0079562,0.07910498,0.02785513,0.16589172,0.07776043,0.008156881,0.011613186,0.00494499,0.004451061,0.004554887,0.0046220766,0.0052367994,0.016300883,0.104899414,0.0073947986,0.004966585,0.20102106,0.0029867433,0.004214592,0.0024097143,0.01580454,0.030235156,0.003981414,0.037901726,0.0026994909,0.03357889,0.0950143,0.005509433,0.012746098
0.026635947,0.04635384,0.047760773,0.06758215,0.14330825,0.08620814,0.029534675,0.06452868,0.08425158,0.036270756,0.047364656,0.02643702,0.029223245,0.028483393,0.017560547,0.046381548,0.14892952,0.05397072,0.1132921,0.03864698,0.15584004,0.017200042,0.008476723,0.015033998,0.015729034,0.084953524,0.021882813,0.07539543,0.03161648,0.37998736,0.079733536,0.11843663,0.041015606,0.13175246,0.18471174,0.06433983,0.022732036,0.0293004,0.012422589,0.04880397,0.030579641,0.047696333,0.015283763,0.066012636,0.0786609,0.06370811,0.042328633,0.010743257,0.011698957,0.0655684,0.068352014,0.04240788,0.042555496,0.031351462,0.06690726,0.03657024,0.041705083,0.07770652,0.010155649,0.020941315,0.010858058,0.020529758,0.09665539,0.02069866,0.027858654,0.011671269,0.016347053,0.021316385,0.006706933,0.01477229,0.012191713,0.013787194,0.012724107,0.014367333,0.06550486,0.010227446,0.013629827,0.023618845,0.015068681,0.01813394,0.009269038,0.0054393467
0.13551629,0.123421215,0.17988451,0.029006004,0.10048456,0.06913448,0.13106392,0.028489687,0.037190523,0.042667676,0.04340544,0.041508533,0.07826583,0.021289427,0.07605568,0.16428769,0.07145927,0.064871214,0.037446667,0.046760168,0.11789832,0.016457466,0.016144317,0.04246646,0.05004507,0.058103453,0.009857554,0.02682553,0.14325784,0.21810982,0.023597918,0.025215518,0.04135095,0.038115602,0.18440047,0.13010722,0.05897408,0.056193113,0.023472067,0.03336384,0.12653556,0.02073446,0.051588025,0.11209323,0.037339482,0.027016843,0.043490857,0.041786395,0.08523371,0.042273916,0.19014879,0.15833876,0.16994531,0.119603544,0.14359614,0.029107634,0.13434021,0.35150075,0.00798068,0.12346879,0.019643852,0.06321433,0.12540236,0.1343259,0.013508375,0.011809531,0.032486115,0.115936875,0.008931915,0.09890625,0.09149866,0.06436322,0.07806062,0.006609981,0.027291745,0.03094009,0.026275758,0.026877452,0.028338127,0.094647616,0.018969152,0.009210245
0.25847262,0.1028043,0.14485545,0.0676785,0.07108023,0.20558242,0.07496831,0.0659326,0.056442812,0.05144153,0.08291403,0.038831852,0.015738191,0.32928443,0.16693611,0.1140948,0.06540831,0.023621703,0.04750905,0.026000101,0.22835802,0.06540638,0.009261936,0.019625638,0.008196095,0.19352795,0.25830194,0.026278667,0.03530577,0.06804054,0.12468151,0.08356905,0.0422483,0.050396208,0.011152689,0.0065274173,0.009266383,0.037081692,0.0117796045,0.12584792,0.0380225,0.06717207,0.0682295,0.04214443,0.037498277,0.051114216,0.12768564,0.039683253,0.030436756,0.22994404,0.12245688,0.052032694,0.015535824,0.13566925,0.1523953,0.091887034,0.052343246,0.021689918,0.27819636,0.03279293,0.1636026,0.14272223,0.060524315,0.010050962,0.10161403,0.49357513,0.093732364,0.1084694,0.24300684,0.06630453,0.056710724,0.048674956,0.016744966,0.08224394,0.03596896,0.04517749,0.017563552,0.05644906,0.17889005,0.048855916,0.5296001,0.60310715
0.083504125,0.014801583,0.027964642,0.0476312,0.060042217,0.030998787,0.05095054,0.04148525,0.03440881,0.031203248,0.20189334,0.049094066,0.026672158,0.02514827,0.08777703,0.06788653,0.06490027,0.008598868,0.022884933,0.0065544145,0.023620553,0.023731524,0.006250813,0.0037729132,0.0020779385,0.02291599,0.07355793,0.012424035,0.0050898492,0.029715357,0.0372383,0.026156716,0.011240381,0.011558113,0.0041586333,0.002195699,0.0069974405,0.009820117,0.0022189962,0.0061412877,0.0092477985,0.022832507,0.016530756,0.014766938,0.009494007,0.03617696,0.09632855,0.023571113,0.0068999124,0.029183073,0.097938344,0.0064432393,0.003452725,0.016897311,0.04443277,0.109113164,0.024031144,0.008916148,0.06290209,0.005251143,0.017557904,0.02319556,0.008559577,0.0048469217,0.014801106,0.12239886,0.020608015,0.022727177,0.04865221,0.026619837,0.010351694,0.0095741395,0.0029531154,0.05001036,0.018354021,0.027367378,0.012787315,0.023879334,0.2619175,0.033721738,0.023584224,0.18401314
0.20964876,0.04381874,0.03305414,0.0606411,0.06508741,0.06617869,0.039573684,0.067380935,0.020175353,0.06702177,0.08034531,0.025358329,0.011321925,0.12391225,0.17700785,0.20480317,0.07057561,0.032009028,0.051170506,0.037169065,0.15633315,0.019951086,0.003062031,0.009395371,0.0033906414,0.088737704,0.21443897,0.068816416,0.021306386,0.061898276,0.09207414,0.03449813,0.022392154,0.028951008,0.007874825,0.00876011,0.013309177,0.023275996,0.0029299161,0.053417467,0.020061042,0.03581529,0.014081166,0.014338036,0.00880211,0.06847254,0.036668964,0.046636652,0.035189178,0.101265796,0.17566538,0.031484064,0.006224295,0.047531515,0.11207042,0.13704598,0.10487233,0.062302582,0.09227038,0.011731488,0.08053702,0.038068697,0.01813954,0.01138262,0.04522507,0.21837947,0.123881176,0.04385681,0.0729946,0.036188405,0.024842631,0.017586825,0.0071977773,0.014169606,0.022008007,0.012882659,0.014503098,0.019654885,0.053206414,0.025293557,0.0594475,0.1572219
0.10877657,0.04251863,0.0689917,0.19093981,0.21768445,0.037610948,0.1317784,0.24106538,0.21376361,0.06682053,0.29093903,0.18538173,0.012586076,0.06192371,0.18229727,0.13602729,0.16608067,0.09025423,0.09457236,0.0615437,0.058301985,0.17137203,0.0090600075,0.036270425,0.012355718,0.0335919,0.17051132,0.32784864,0.057224814,0.13368143,0.058726687,0.11860824,0.084410936,0.07625409,0.058306534,0.02602129,0.06664153,0.08252826,0.005305541,0.029752288,0.051383268,0.076849096,0.05782201,0.08667589,0.19215333,0.080679365,0.10097721,0.0894243,0.0769824,0.08074182,0.1888096,0.04591338,0.006171603,0.023770852,0.030425439,0.16835925,0.12262369,0.039939072,0.053316616,0.022814997,0.073009156,0.0693095,0.088148884,0.014067516,0.1000803,0.29269588,0.47818318,0.20964262,0.04359057,0.25225183,0.049978126,0.06689225,0.010712218,0.037381817,0.105780296,0.034011398,0.026907971,0.050297443,0.043675423,0.048461806,0.033738952,0.16380443
0.022146184,0.00655534,0.0041132313,0.0075644823,0.010849331,0.016837336,0.0057217064,0.0022081265,0.0034390383,0.0031248496,0.0038967668,0.009508168,0.0089841485,0.0011390408,0.0037758814,0.0046217483,0.0063587353,0.008134225,0.04711907,0.006165367,0.0081890365,0.0033324484,0.0016609601,0.0027888732,0.0009431027,0.0024152645,0.00924968,0.010218865,0.0056201387,0.007019837,0.008206998,0.0027130258,0.0034923109,0.015136793,0.0069587603,0.009300335,0.002811871,0.0070547634,0.0006605649,0.0036156059,0.004004476,0.0030426674,0.0051219594,0.005389282,0.0033161172,0.0038602627,0.0027928283,0.0063070087,0.0048145074,0.009728855,0.0060155694,0.004678088,0.004045873,0.005448207,0.011163743,0.028195716,0.005211634,0.007380183,0.013942183,0.0021251298,0.0032194948,0.0110406075,0.0046101143,0.002571087,0.0039054868,0.00664877,0.003516545,0.004222754,0.036735892,0.0129780965,0.005090906,0.009895786,0.0064473622,0.0088290265,0.018158928,0.012208432,0.009901223,0.015714942,0.0026834437,0.006757821,0.006788037,0.008590345
0.23533413,0.08718256,0.08953467,0.016026117,0.039335936,0.031845685,0.05142939,0.036229193,0.04491101,0.023918798,0.049954083,0.06891068,0.015628286,0.029827932,0.023362165,0.03633044,0.054730665,0.040170852,0.040092856,0.04501817,0.21377103,0.04863455,0.005306115,0.012591454,0.004354248,0.068549514,0.08607367,0.048541903,0.051482856,0.053802587,0.03168991,0.025825907,0.014056724,0.015552271,0.024450896,0.024563614,0.02007164,0.031013863,0.002794353,0.03618312,0.021593288,0.015087331,0.018078413,0.025947277,0.023381365,0.013654492,0.030212779,0.06922399,0.010302706,0.037747014,0.086690046,0.022391796,0.0069394764,0.059105128,0.04647566,0.048020903,0.024528425,0.018479384,0.048139464,0.008481484,0.0556872,0.04907771,0.07362763,0.027136985,0.019249463,0.3376855,0.11473728,0.065326825,0.059052132,0.10059717,0.022646967,0.023594163,0.009276647,0.0047908677,0.025256509,0.013993068,0.013090784,0.0079312045,0.007932934,0.03445359,0.014073063,0.2673864
0.0038262724,0.009624274,0.006092989,0.0041553504,0.008227005,0.0023475192,0.008859003,0.0025922116,0.0027936858,0.0014072475,0.012765786,0.013542078,0.0060545034,0.003807861,0.005132679,0.017268084,0.02097157,0.015650744,0.011204322,0.008004964,0.01637531,0.01715492,0.0026750881,0.015294023,0.0037754998,0.009772642,0.01177724,0.003035438,0.0035819078,0.013675617,0.013015975,0.015527794,0.007281681,0.0047822306,0.0068779886,0.0063103377,0.0077000284,0.013587674,0.0030212149,0.0039735804,0.0067204256,0.008277272,0.0032306376,0.005722706,0.005481885,0.011052287,0.0065274797,0.0046124663,0.006756129,0.027960267,0.010338334,0.012155183,0.0029152713,0.0058270977,0.009346481,0.094486676,0.038292743,0.04876791,0.023474647,0.01713464,0.043632776,0.006646671,0.014502995,0.0067039356,0.010359598,0.0064812503,0.0074672303,0.014372678,0.0132625215,0.028472494,0.009653784,0.0072719287,0.0047257077,0.0044148387,0.009012535,0.0035580567,0.0037189305,0.010940988,0.0036888176,0.007381073,0.014045463,0.0059789508
0.09349317,0.039624423,0.045137685,0.081056826,0.029923378,0.024483887,0.0770342,0.023656331,0.023216737,0.008376293,0.046255175,0.0700446,0.027177706,0.0137291085,0.03797152,0.031251617,0.051184412,0.052723836,0.05566038,0.030794919,0.010228802,0.020315023,0.00466785,0.01813265,0.0077289753,0.0140974615,0.07766589,0.028274033,0.029261317,0.0508858,0.02071981,0.041309834,0.037347723,0.045909725,0.038805623,0.020401223,0.011169144,0.044966046,0.004015689,0.012141503,0.038990326,0.04017387,0.029619446,0.03170721,0.0248687,0.028954586,0.026481194,0.035441242,0.035187464,0.02763947,0.04386565,0.022706255,0.014931374,0.037328143,0.030069258,0.045077197,0.02628021,0.033581223,0.105326265,0.013297107,0.021018755,0.08029383,0.06529309,0.018165506,0.07629829,0.106785595,0.027316561,0.07608899,0.06831504,0.108772285,0.03840028,0.06550359,0.03438763,0.012352695,0.030723888,0.01896595,0.041287076,0.04350235,0.039241422,0.052453827,0.029481033,0.08888161
