0.1644433,0.01952266,0.038021274,0.012628001,0.017870864,0.01199042,0.011574852,0.030292524,0.01191312,0.020230262,0.014364411,0.09824616,0.026949555,0.020284679,0.023038195
0.048122734,0.015651198,0.045975715,0.026226068,0.009310536,0.011126834,0.012812103,0.058779247,0.015413007,0.009651521,0.010551074,0.030990679,0.039019164,0.03855916,0.017084392
0.17211178,0.03999097,0.043073043,0.012019797,0.018630916,0.027028574,0.010962762,0.013034169,0.0058810147,0.007038501,0.02574874,0.062319227,0.01093414,0.010268985,0.022662828
0.14260548,0.089605436,0.11905526,0.041697305,0.045386855,0.071742475,0.10968011,0.05548214,0.034283638,0.030182023,0.17262909,0.08276133,0.052914515,0.04763895,0.078462206
0.25100952,0.066633426,0.12913926,0.09728691,0.029989168,0.015620119,0.005233361,0.090921625,0.052252438,0.01840835,0.04419236,0.028112376,0.041586258,0.065618224,0.021984072
0.05075735,0.123189434,0.029573716,0.044935454,0.017761033,0.014727016,0.019100258,0.03883857,0.022009898,0.014302644,0.009233182,0.034544516,0.026030265,0.044730637,0.017455202
0.017242309,0.04180472,0.012520836,0.036060214,0.0069644265,0.010403897,0.0024363592,0.021655746,0.007042089,0.0055584107,0.001975074,0.0035900956,0.014731877,0.018406976,0.0036436475
0.011790531,0.02074655,0.041697394,0.020081038,0.005700422,0.003611937,0.0014202397,0.029230934,0.011357021,0.008368074,0.003727819,0.00076548,0.014196766,0.020116929,0.0044420194
0.05446447,0.08045852,0.008004473,0.0028219658,0.016921602,0.010044137,0.015970051,0.0020105327,0.0028328132,0.004534509,0.03278398,0.27069664,0.002975455,0.0037196705,0.0049811876
0.01775825,0.06249923,0.0026241872,0.0035421734,0.017745009,0.05696203,0.011425062,0.004133686,0.005521046,0.0076880795,0.13391635,0.17086694,0.0077554565,0.012095324,0.025107073
0.35496277,0.4942931,0.46504325,0.12340514,0.21746814,0.35737565,0.4168834,0.26673332,0.11324879,0.15107246,0.35417193,0.7021478,0.23279953,0.09875041,0.22917564
0.026571568,0.044352077,0.025903983,0.013666957,0.016236411,0.030167852,0.0077925283,0.024063712,0.011941882,0.013105785,0.040911812,0.031904176,0.014388244,0.015106004,0.00877347
0.07385787,0.06056,0.019797403,0.016453613,0.013242171,0.022718087,0.03243222,0.04578119,0.026228935,0.014306,0.020383049,0.06788205,0.07246247,0.038990747,0.025367279
0.16117603,0.05799301,0.06912434,0.02750109,0.013234181,0.012610754,0.029504206,0.06828818,0.028952474,0.016176013,0.013914654,0.047891915,0.042066265,0.045133058,0.012315535
0.14095117,0.077434495,0.020437079,0.0071099144,0.019550791,0.010030237,0.01566171,0.00967335,0.0043590665,0.01023327,0.045235146,0.14993174,0.013015979,0.010372799,0.033245694
0.1650463,0.10332182,0.084413186,0.05884241,0.037594385,0.03164015,0.04615837,0.07437448,0.024256336,0.018062476,0.075415865,0.30991527,0.065485395,0.051382452,0.05231319
0.18453553,0.17503217,0.019690884,0.008212395,0.010157044,0.14789824,0.0805279,0.0051681665,0.0026214826,0.0043525193,0.11008727,0.59778166,0.0072078747,0.006074838,0.016762512
0.16270162,0.036899153,0.032077868,0.0061701126,0.020124992,0.023974,0.015557869,0.0036745488,0.0030059894,0.005589819,0.060012147,0.08832109,0.0050091776,0.0043182243,0.018435365
0.45087287,0.145087,0.31604365,0.0573536,0.07939882,0.10862645,0.16281985,0.12035803,0.019485697,0.038717426,0.20178942,0.5470199,0.12634873,0.046917994,0.09734323
0.23416533,0.09766065,0.07804084,0.011891186,0.025478646,0.11624521,0.07310409,0.028411418,0.008050344,0.0108225085,0.17457978,0.22206606,0.033706617,0.022433087,0.045299582
0.039686944,0.045266885,0.0395818,0.036933523,0.048626438,0.1460648,0.048191532,0.04119647,0.03777078,0.039973684,0.085864715,0.035751868,0.017109638,0.022361761,0.040408127
0.040074952,0.042731024,0.05261127,0.045617305,0.028980436,0.019890232,0.019084683,0.07088222,0.025819011,0.025171475,0.013825363,0.013775471,0.032462757,0.034875505,0.010186928
0.064279266,0.051294357,0.07636462,0.062017694,0.03574003,0.052634396,0.03576931,0.08833911,0.04881193,0.037504513,0.052769076,0.021941505,0.043105375,0.05369777,0.023008697
0.16120052,0.05213818,0.07804838,0.034967348,0.022406327,0.056785513,0.0268597,0.062159862,0.037351828,0.019422242,0.09141425,0.07067724,0.048074447,0.039435692,0.017280413
0.03573269,0.030607179,0.020194035,0.009420662,0.022982813,0.02253966,0.012983594,0.023359606,0.009002502,0.013298074,0.019181993,0.022021934,0.014583486,0.0130823525,0.014229498
0.020197287,0.06657887,0.039864603,0.02927014,0.021009965,0.022222942,0.03088149,0.035671715,0.030349685,0.02983419,0.02412869,0.029446466,0.011602738,0.013002351,0.017494872
0.0688111,0.015524476,0.034326605,0.010160686,0.020630961,0.0601722,0.02070968,0.026171114,0.0099157905,0.019219989,0.048456896,0.052353203,0.020170702,0.010309864,0.037518006
0.01899759,0.02992555,0.010330463,0.013473207,0.020558916,0.036811464,0.045721635,0.027866134,0.03210232,0.05067292,0.02361575,0.051734786,0.020997804,0.018268118,0.03828521
0.1699597,0.14033368,0.22854361,0.14788821,0.05005333,0.11580247,0.041469216,0.18611066,0.071088016,0.05093698,0.03487723,0.03303242,0.102929264,0.11880501,0.03629542
0.04828631,0.036940407,0.06629091,0.048776217,0.029073082,0.010275247,0.0018107222,0.047974758,0.023941794,0.019885601,0.0033270107,0.002900411,0.031481788,0.04131398,0.0126405815
0.07998342,0.11767122,0.32040197,0.21429083,0.061007753,0.0439567,0.0096816085,0.18702567,0.11942841,0.08238318,0.008549406,0.006150577,0.15213753,0.17549668,0.032189157
0.17725624,0.07300116,0.16454872,0.098693505,0.0562048,0.06766401,0.018813659,0.20288104,0.050720107,0.032307312,0.012184081,0.015994983,0.14875883,0.12516896,0.028200142
