0.86508703,0.2536332,0.23648444,0.2913979,0.242443,0.24251463,0.23375516,0.25539827,0.28768268,0.22359383,0.22288547,0.26999724,0.20512784,0.20686561,0.23228629,0.28363782,0.25973096,0.23756534,0.23740876,0.2541885,0.22693205,0.26850682,0.22367114,0.26731738,0.25549468,0.253659,0.22320753,0.25299606,0.24241683,0.19029272,0.21800366,0.22773255,0.22614755,0.27183098,0.21108437,0.32416105,0.21444282,0.2339783,0.24417701,0.22182843,0.22436354,0.24882819,0.22330737,0.20236737,0.24635299,0.2265414,0.20274144,0.27594432,0.23945834,0.24621606,0.22738695,0.31833547,0.2290709,0.21465683,0.22860272,0.22527495,0.2175327,0.27418658,0.21725106,0.18181068,0.25048938,0.23721093,0.21106617,0.25627768,0.24393615,0.20603509,0.21551049,0.26812702,0.23103637,0.20074914,0.22700159,0.20851934,0.22019182,0.20666637,0.2655732,0.25548875,0.17871533,0.22662883,0.23910291
0.20070127,0.058246404,0.062064245,0.043884452,0.057414874,0.05086247,0.042650133,0.048864603,0.047188703,0.041213315,0.03648611,0.07558355,0.047118485,0.081886664,0.04843036,0.058763467,0.06118121,0.06252368,0.06313421,0.062582806,0.03965232,0.04587832,0.03316393,0.035647996,0.033999044,0.04646039,0.03686569,0.049811304,0.07276481,0.040390734,0.036509447,0.032984946,0.041986886,0.05130825,0.038394406,0.03780553,0.056948878,0.048750512,0.0444403,0.045907192,0.057080884,0.05759723,0.05389832,0.051591635,0.048761368,0.03651966,0.041118402,0.036410406,0.03606864,0.039180122,0.060614467,0.046144553,0.058172747,0.0304748,0.033158805,0.034783836,0.029876925,0.036015466,0.02883271,0.048499763,0.039655495,0.060799565,0.037607748,0.047983658,0.043894563,0.049567454,0.024995197,0.029270194,0.03678959,0.0374291,0.03622321,0.038238272,0.033473555,0.038068026,0.0385303,0.040401768,0.026820831,0.04295934,0.04230232
0.15698926,0.17596722,0.16754608,0.16479269,0.16069593,0.12953793,0.13587336,0.17073643,0.19155754,0.15480618,0.16339228,0.17454192,0.17523798,0.16009723,0.14694487,0.1582846,0.15465519,0.15523854,0.19121628,0.1651292,0.16262119,0.17812009,0.16373114,0.18872845,0.15852706,0.18518825,0.13789217,0.18915567,0.14797366,0.1774354,0.13748834,0.16144666,0.15304178,0.15222901,0.14291805,0.16139628,0.19367476,0.18183386,0.169338,0.15969422,0.14361729,0.17488244,0.17084245,0.14134616,0.149775,0.14246361,0.1676595,0.14635062,0.14551172,0.1429939,0.16861317,0.16822465,0.15745822,0.14762925,0.16301039,0.15336329,0.13210422,0.16327903,0.15666686,0.17841068,0.15323341,0.15842476,0.15285835,0.14221653,0.1479134,0.15006262,0.13674268,0.14354017,0.14458364,0.17500055,0.15297589,0.16712168,0.13918075,0.15835725,0.13716002,0.15863393,0.1557366,0.13525604,0.16088071
0.13656373,0.1490598,0.17502964,0.15644638,0.14735346,0.17668155,0.15342587,0.16843891,0.16072166,0.15626995,0.16149159,0.15439923,0.16871078,0.16261435,0.16167703,0.15184796,0.14246646,0.1640963,0.15828276,0.16224547,0.15172583,0.15757853,0.15714261,0.1555329,0.15042682,0.16512038,0.151348,0.17925018,0.15633585,0.16702963,0.16611384,0.15247338,0.1487711,0.1654909,0.13992244,0.18882726,0.15723261,0.17790404,0.1519065,0.14243868,0.1549693,0.15692028,0.14648166,0.15925726,0.14625475,0.14697641,0.16289923,0.16541098,0.15476078,0.15686639,0.13031971,0.16458541,0.17564404,0.12998953,0.16645113,0.1662727,0.16321398,0.16799049,0.13742247,0.15170759,0.18374728,0.15762776,0.15130553,0.16217463,0.1663878,0.17202589,0.15604265,0.15997793,0.15595227,0.15010911,0.1493806,0.15456721,0.14677048,0.16758245,0.15868989,0.16779646,0.1630044,0.16833696,0.13874929
0.20065707,0.19876632,0.15775749,0.16306505,0.12799895,0.16039872,0.16049707,0.14156193,0.23182766,0.1458127,0.1398479,0.15724224,0.16575572,0.13880709,0.14095475,0.17827564,0.13305967,0.15931582,0.16800454,0.17293258,0.15771706,0.18642545,0.20023346,0.1797067,0.16260545,0.1763821,0.15890545,0.19026566,0.14152855,0.14023286,0.14565873,0.15208502,0.13800251,0.15645444,0.15308073,0.15085365,0.21528786,0.21106005,0.17837003,0.16391146,0.1657187,0.15291286,0.13725157,0.14447773,0.12904158,0.12854923,0.12578377,0.14596438,0.13595602,0.15615614,0.14036283,0.15795773,0.1614148,0.15001404,0.16863494,0.16329484,0.17066875,0.17948866,0.15006998,0.15407947,0.15603411,0.15487546,0.16343972,0.1492055,0.183794,0.1603576,0.16696689,0.15660095,0.13503115,0.14019805,0.14108078,0.13738912,0.13047688,0.15337753,0.14953649,0.15138349,0.16362047,0.15001489,0.18003806
0.17007269,0.17558107,0.18268935,0.17991404,0.17181611,0.17290059,0.16506247,0.1562801,0.37895304,0.14619657,0.1573425,0.20766428,0.22216108,0.16083512,0.15771669,0.19404556,0.13350537,0.19172014,0.19581619,0.16970474,0.15497416,0.1751946,0.20391013,0.1798908,0.17451689,0.1645869,0.14882502,0.19823843,0.15184967,0.15796673,0.16348416,0.14812589,0.15561742,0.16010275,0.17549574,0.19275163,0.26633814,0.233924,0.19221462,0.18447596,0.14428647,0.1857543,0.14850861,0.15108158,0.18519232,0.14969242,0.1423593,0.14370081,0.13136458,0.15310478,0.1702099,0.1574965,0.19168924,0.19768086,0.16218701,0.20497794,0.23508854,0.22411679,0.19084114,0.17764944,0.22907838,0.2046768,0.18715945,0.14020443,0.19304043,0.18180464,0.17263955,0.20164534,0.16566457,0.1867277,0.19458774,0.19457571,0.17925742,0.16499563,0.18090129,0.20104185,0.16521406,0.18638426,0.1436662
0.21699515,0.15663272,0.13580531,0.15160063,0.15150103,0.11679724,0.16579884,0.13391073,0.25497115,0.14614081,0.14257723,0.16806036,0.2159836,0.14698589,0.1495645,0.19143894,0.15634143,0.16392861,0.1602988,0.1409525,0.14246294,0.15473327,0.1852346,0.1758498,0.15778264,0.19789113,0.14643446,0.22608694,0.13967353,0.14075485,0.15035155,0.14218849,0.14744829,0.14412129,0.1467089,0.23083693,0.23626031,0.19523887,0.21954218,0.16489762,0.14811364,0.1476458,0.118858844,0.13078013,0.13659318,0.14690624,0.1623682,0.16669418,0.11499268,0.12533425,0.14817286,0.13999557,0.16284469,0.17189226,0.13912874,0.16651163,0.15639704,0.18772686,0.15830578,0.16225494,0.18030211,0.16578135,0.15226921,0.13218966,0.16855243,0.16760647,0.13290177,0.1861063,0.16454014,0.13424015,0.14222518,0.17807293,0.14017539,0.1690653,0.1439107,0.15734676,0.13864443,0.13969362,0.16953
0.32532012,0.20346522,0.21116488,0.15988338,0.15705037,0.1366828,0.16300847,0.16006732,0.44570023,0.20689464,0.18798605,0.20871326,0.20322272,0.16509758,0.16986632,0.19310814,0.17456071,0.23641613,0.22226773,0.23912622,0.23216116,0.32918888,0.31052995,0.32086468,0.27256396,0.32961977,0.29054946,0.31860977,0.207265,0.21430013,0.18668512,0.19953726,0.22749546,0.22585608,0.23968467,0.29031417,0.40013888,0.37198323,0.33841598,0.3643955,0.22537154,0.18464263,0.21530008,0.19414136,0.23630667,0.1888071,0.21090527,0.24385498,0.1610375,0.20865424,0.24520938,0.25347793,0.21246643,0.23128381,0.20656058,0.21388444,0.19887358,0.2632135,0.175721,0.16300756,0.26711974,0.22435951,0.24245894,0.13441403,0.16833557,0.1836791,0.15827057,0.23088177,0.19897398,0.21021253,0.1943678,0.18227284,0.16238591,0.19008194,0.18727174,0.2024187,0.16270393,0.17495608,0.18064128
0.30080077,0.16361551,0.17845075,0.17134097,0.17505725,0.17578825,0.14792897,0.17137343,0.34507647,0.20587005,0.17859158,0.189425,0.19709523,0.17203233,0.19891582,0.196495,0.18499288,0.204086,0.17561531,0.19880547,0.18894394,0.33732408,0.25929886,0.2358199,0.23069613,0.27993032,0.21727562,0.28016698,0.17146957,0.21120667,0.17363717,0.18157461,0.20046332,0.19180696,0.22221103,0.22961305,0.3134857,0.30527604,0.30705157,0.26148808,0.18950254,0.17866382,0.13849322,0.15574959,0.22932209,0.15455341,0.15406485,0.19491337,0.13814113,0.1738308,0.20471147,0.14671788,0.19484915,0.22779025,0.20273998,0.21066907,0.21161422,0.23956823,0.2019892,0.21121371,0.29029202,0.25158125,0.18892509,0.14613698,0.20847866,0.21809328,0.19913553,0.22189799,0.20377292,0.2536507,0.18557826,0.1817998,0.18555671,0.19825922,0.20643196,0.19143337,0.14759487,0.19668248,0.15881404
0.3188964,0.25489396,0.20558633,0.18809253,0.17666435,0.1914803,0.23759001,0.21141891,0.44350722,0.28878576,0.22398278,0.2619862,0.24652751,0.19462803,0.20655504,0.24106202,0.30913603,0.24999034,0.38157967,0.36849552,0.45720795,0.45220518,0.45889834,0.40079188,0.4696079,0.41777867,0.51423705,0.49996337,0.3694439,0.39162076,0.33965147,0.32764143,0.35413474,0.30039656,0.37227857,0.39061138,0.55511135,0.43988195,0.43034154,0.45069313,0.3740574,0.2658058,0.3234622,0.29200086,0.38943112,0.31735075,0.3508452,0.3629427,0.25859585,0.39314207,0.33506906,0.25660917,0.26394355,0.22042632,0.21935734,0.24493667,0.25775075,0.28275222,0.23310183,0.22191967,0.32102412,0.29567033,0.2580547,0.18843351,0.2406073,0.26977128,0.24450599,0.24861525,0.26533666,0.2968926,0.2977352,0.26856253,0.24981584,0.2674247,0.2541723,0.26439494,0.22787073,0.24407914,0.20119366
0.3042948,0.17508021,0.1506747,0.11260229,0.13431293,0.13957816,0.16917157,0.18411577,0.3474352,0.25823134,0.1771204,0.17621486,0.17844164,0.16363639,0.19736122,0.24620798,0.274491,0.2240124,0.2789747,0.22475177,0.2633524,0.2736579,0.24984609,0.1944749,0.21575826,0.18680005,0.22562003,0.2647702,0.20820487,0.20159176,0.14936215,0.14638372,0.18167537,0.19399685,0.18386468,0.18650514,0.30751628,0.28568858,0.21207935,0.26966572,0.23404999,0.22876285,0.24850076,0.21073517,0.25368264,0.21348438,0.19822937,0.24929675,0.20220768,0.2167126,0.2023958,0.13472961,0.17948458,0.13570337,0.14975007,0.17647901,0.18118328,0.1821188,0.1708571,0.15184373,0.23195872,0.2167834,0.17270815,0.15301277,0.18311909,0.18240651,0.20038152,0.19813658,0.1784586,0.20232166,0.19026095,0.17849967,0.17363662,0.160688,0.18986905,0.14790317,0.13376966,0.18276024,0.17809013
0.3143714,0.20461392,0.19044225,0.16404495,0.20989238,0.248668,0.19785807,0.17393342,0.33479714,0.291582,0.20193906,0.23046714,0.25015262,0.23554957,0.20582063,0.26839125,0.24616149,0.21145216,0.30349022,0.3167029,0.30823657,0.42052466,0.35352004,0.38662058,0.34287068,0.36535043,0.30472833,0.3886483,0.28071094,0.33309186,0.26694688,0.255723,0.2590992,0.22623965,0.32658982,0.36615938,0.3836993,0.35676333,0.42471635,0.29391667,0.21095058,0.20158172,0.22234586,0.24410257,0.28696287,0.23112446,0.25947905,0.27139443,0.17618331,0.28262252,0.3146643,0.2614169,0.20052265,0.22774853,0.2061005,0.20232227,0.23626961,0.23492104,0.20172183,0.23433435,0.3771034,0.30316308,0.22029665,0.25465372,0.2931311,0.29769027,0.3346782,0.33136484,0.22887725,0.40372783,0.41593263,0.3418832,0.32790056,0.30860877,0.34272686,0.2977356,0.33181876,0.33524153,0.18952002
0.45947874,0.3609396,0.21121621,0.23972079,0.1993868,0.2839883,0.36306918,0.21395442,0.4306373,0.49174187,0.2483971,0.32423413,0.29717895,0.25586715,0.26407635,0.51540184,0.5251461,0.32408032,0.3636018,0.43486804,0.44091657,0.43662968,0.3729447,0.3600435,0.36172846,0.38253355,0.3743133,0.4889785,0.41780174,0.40106416,0.37375513,0.33152628,0.38987708,0.37079912,0.41568518,0.42533436,0.46999347,0.41896766,0.41270524,0.38050008,0.33451915,0.25196773,0.32682467,0.39048785,0.38813174,0.3291617,0.39548963,0.41117406,0.40514392,0.3915575,0.36201882,0.282521,0.21641251,0.27895617,0.27317747,0.22777845,0.2264874,0.27771288,0.26682684,0.27026978,0.4060055,0.32362425,0.2736153,0.29754317,0.32176042,0.36713013,0.3380608,0.31649303,0.28980112,0.393475,0.4672395,0.38389882,0.3594724,0.32669783,0.4300007,0.34446377,0.37002534,0.342807,0.2774791
0.30680883,0.26463926,0.25905353,0.18332008,0.2303456,0.27005452,0.24756315,0.28686363,0.40425605,0.31309545,0.38160732,0.29759765,0.35260606,0.3062692,0.32356137,0.33161217,0.35719877,0.2614863,0.35297102,0.3400156,0.33919472,0.38520858,0.35216418,0.32265925,0.3512891,0.32718542,0.3593543,0.42844003,0.32898542,0.39623553,0.33270508,0.30013102,0.29536146,0.28415152,0.37766832,0.33135337,0.35796687,0.29780784,0.3701496,0.24389572,0.2000551,0.1912711,0.18017396,0.2758913,0.26666474,0.24985462,0.27497047,0.31158406,0.24985947,0.2671964,0.29962587,0.28419146,0.28423607,0.3484879,0.34380978,0.37262028,0.32588387,0.3509919,0.2966079,0.4423892,0.56216204,0.45073834,0.3055642,0.4822356,0.47051835,0.47687712,0.5042169,0.46489456,0.36538553,0.481571,0.56080776,0.5168041,0.51417214,0.46465465,0.53618705,0.49238187,0.5320354,0.5813055,0.2654882
0.36027193,0.31953704,0.20460114,0.17357856,0.27999666,0.2505241,0.3376276,0.2728716,0.39269924,0.39219454,0.3192405,0.32094806,0.35583526,0.29651603,0.26677245,0.3799979,0.33644667,0.28948075,0.31217244,0.32850173,0.44937694,0.46024415,0.439386,0.4107558,0.4432435,0.41678163,0.43382674,0.49130028,0.46359462,0.457896,0.49661416,0.4197514,0.45089477,0.43897435,0.43245065,0.48489445,0.44511443,0.43187615,0.44124502,0.3091921,0.23828079,0.2035103,0.15844148,0.23949982,0.21311626,0.19749701,0.28741395,0.3365432,0.24023198,0.26856446,0.28673595,0.3259293,0.24973737,0.31039274,0.28861296,0.31037208,0.31057572,0.33408138,0.30493224,0.45068118,0.4822135,0.4189827,0.3513004,0.4160462,0.4443706,0.45915055,0.48916104,0.45713362,0.33950993,0.5024981,0.51882875,0.4840058,0.42281127,0.4090901,0.4291821,0.4351507,0.4339797,0.50739956,0.2405812
0.43858528,0.36301804,0.24086824,0.27631763,0.28844193,0.26580814,0.45810968,0.31602865,0.5006171,0.515816,0.33077377,0.3805353,0.34638825,0.30649477,0.31956878,0.48469,0.4201358,0.3154865,0.41825983,0.34142798,0.48573172,0.46971506,0.51809233,0.4525976,0.50854415,0.51176065,0.574347,0.6050419,0.5049758,0.5267929,0.56141615,0.51974976,0.5329747,0.42558643,0.5476706,0.5893731,0.5263413,0.51229465,0.5007331,0.3386436,0.28569156,0.23097822,0.15168113,0.29183424,0.1991972,0.2156037,0.31467557,0.32491308,0.25219786,0.30738455,0.35793126,0.34072602,0.2925123,0.32066596,0.34238493,0.32598493,0.36683625,0.33480442,0.32906967,0.54715496,0.5509231,0.45507115,0.42317367,0.4358644,0.4836305,0.46152514,0.47885844,0.47150534,0.32283384,0.51022637,0.56665266,0.5011046,0.46876323,0.41058126,0.441166,0.48192942,0.56378925,0.50845706,0.32806423
0.3653245,0.41994748,0.2514618,0.3138592,0.35360125,0.33866078,0.41738155,0.32023668,0.3799201,0.41843405,0.33079976,0.40276802,0.34690988,0.3386094,0.32205307,0.44393274,0.42321056,0.34467068,0.47529674,0.3623864,0.46492195,0.42424664,0.5207786,0.42016685,0.48835826,0.4975939,0.5954344,0.5249722,0.45482647,0.5576066,0.5328484,0.52464867,0.48011893,0.4153636,0.5438508,0.6039722,0.50925857,0.5896872,0.4646802,0.28349125,0.2252362,0.19048357,0.14117984,0.21837288,0.14372379,0.18305197,0.2627542,0.26621443,0.23742723,0.19771327,0.2501781,0.32559565,0.33605248,0.37604892,0.40492204,0.4230333,0.41428745,0.39988038,0.47129917,0.56691045,0.5971813,0.50592923,0.42001268,0.4665289,0.5035867,0.53416973,0.5713525,0.5752964,0.33507127,0.55470306,0.56229824,0.5427124,0.4860975,0.47643724,0.49224323,0.51012814,0.58021444,0.5838549,0.3218652
0.18423147,0.24013785,0.14539835,0.17315745,0.21812412,0.20362288,0.22082223,0.19200915,0.23009028,0.2557286,0.22270907,0.23760249,0.24245521,0.18993962,0.19729239,0.23240387,0.17700374,0.17592713,0.20607002,0.19571002,0.2528502,0.2402695,0.28769445,0.29137605,0.29391572,0.27309206,0.30456352,0.28909138,0.25252962,0.3333527,0.3335245,0.31175962,0.3225265,0.24148831,0.27072945,0.3226179,0.3340875,0.3348341,0.23427577,0.18001126,0.10508896,0.12220617,0.08962171,0.1367192,0.1138408,0.12388323,0.17327884,0.17984354,0.15700372,0.120269336,0.1724798,0.179232,0.17171066,0.22109376,0.22144684,0.21843395,0.23719002,0.2349306,0.26678824,0.32691932,0.2889101,0.28579438,0.22941259,0.268666,0.25201106,0.2964939,0.324177,0.3323193,0.22333653,0.3149613,0.30701196,0.3029242,0.26021463,0.28386176,0.2631151,0.2756302,0.2978835,0.3236493,0.18796131
0.20519616,0.18496086,0.16602388,0.18505393,0.21458215,0.24439944,0.25717527,0.2510288,0.23399001,0.25483343,0.27406347,0.30328715,0.31472212,0.25579494,0.23139283,0.33103904,0.2714547,0.26966667,0.26013976,0.23967732,0.34010807,0.27893594,0.4154366,0.2982488,0.36709914,0.33191103,0.4153309,0.36211926,0.2943154,0.44467285,0.39762717,0.33550167,0.34773612,0.24612159,0.49234748,0.47087878,0.28205225,0.43437493,0.322179,0.30721563,0.16257143,0.1872498,0.12985973,0.21356735,0.15986988,0.20883459,0.23929092,0.2811275,0.2244192,0.13634333,0.15468927,0.16795662,0.20232046,0.23900375,0.23079307,0.30135158,0.29541543,0.25795123,0.32023284,0.39133644,0.3897676,0.38394564,0.27841532,0.2937989,0.29070437,0.37497097,0.40033334,0.38666987,0.30109575,0.3561188,0.3668458,0.32206547,0.35075223,0.3304597,0.3134938,0.33890203,0.35306042,0.33992216,0.323214
0.29091242,0.22929756,0.18809715,0.2446515,0.22326365,0.28191978,0.23671393,0.2590955,0.31722122,0.24672025,0.25809455,0.23946697,0.24765828,0.25310102,0.22245082,0.35676864,0.3619801,0.31179628,0.32862246,0.32871348,0.39858177,0.3792355,0.3524304,0.32623902,0.4049871,0.38941574,0.3771451,0.35484946,0.27613842,0.40800926,0.3921238,0.35041144,0.3465327,0.24064714,0.42086342,0.43671483,0.3430312,0.3942517,0.34594548,0.2825768,0.16279557,0.14326105,0.14842993,0.20297477,0.20027995,0.244791,0.23173335,0.30147356,0.19587284,0.1768569,0.21394855,0.19666833,0.20244744,0.1808303,0.19031286,0.27503982,0.24945125,0.25057405,0.24135625,0.32354468,0.3627276,0.3254714,0.27163324,0.2876411,0.2483741,0.30766702,0.33278328,0.33421296,0.30317378,0.3245417,0.33801264,0.30186933,0.28630966,0.27808523,0.29911697,0.2984066,0.2924394,0.35439223,0.3233543
0.24307054,0.23201331,0.22348079,0.23516923,0.18514287,0.2664451,0.25642633,0.22660744,0.22269964,0.22681038,0.25093022,0.27698892,0.231161,0.21771424,0.23061559,0.26127556,0.20959798,0.25980055,0.32532486,0.27389586,0.38730657,0.29358733,0.39259273,0.29150218,0.43556404,0.39589542,0.4097765,0.40172648,0.21441817,0.42883572,0.38941795,0.3819667,0.40718263,0.24739425,0.44000944,0.41283226,0.2945118,0.41370016,0.33624214,0.24170198,0.123109445,0.115221135,0.08463241,0.18634164,0.17728373,0.2360875,0.25907734,0.29902038,0.21078952,0.09957842,0.15568838,0.21404028,0.2205321,0.17907767,0.18889832,0.23540887,0.23336807,0.24555685,0.2299127,0.3070721,0.33586106,0.3473456,0.25967723,0.252983,0.22273436,0.25125974,0.2646535,0.2780481,0.22323719,0.26115793,0.26553357,0.30340636,0.23538865,0.2967911,0.25725582,0.22982678,0.21127975,0.25738943,0.2627676
0.19029906,0.1923379,0.18108937,0.17120479,0.15335914,0.18266009,0.1927171,0.18069613,0.18784043,0.16381073,0.21045041,0.20961441,0.19553718,0.1767261,0.14305052,0.15901282,0.1421862,0.22580296,0.175223,0.18870956,0.29375145,0.2352987,0.3405094,0.22107318,0.3322305,0.2560227,0.21739262,0.23307554,0.14504468,0.24220122,0.26270193,0.25936043,0.26163676,0.1323083,0.24050866,0.24231702,0.1808854,0.35615945,0.16969843,0.14668694,0.102169186,0.108732834,0.072125584,0.1590463,0.1313418,0.17590034,0.1747681,0.21811295,0.17621759,0.089422725,0.13533854,0.1741547,0.1811443,0.18045524,0.16225263,0.19161566,0.19283816,0.18199453,0.20535561,0.22457542,0.22727814,0.24864316,0.1653279,0.19497654,0.16759019,0.19835839,0.23786873,0.21994895,0.1649898,0.2269582,0.24055617,0.22971083,0.2117028,0.21828257,0.2027966,0.18836956,0.19524296,0.18652466,0.15011361
0.19081834,0.17781997,0.17343074,0.1868693,0.17829733,0.18287727,0.17536686,0.18366376,0.22513506,0.16856615,0.18358988,0.19389665,0.19035943,0.14782892,0.14499347,0.17775814,0.16731636,0.21217254,0.2031861,0.20553651,0.2629406,0.21913281,0.30717024,0.21370785,0.27342278,0.23646115,0.2114312,0.22550787,0.15095165,0.2250584,0.25865102,0.26556674,0.25627983,0.17385808,0.22011063,0.23506823,0.13669685,0.23480082,0.17161158,0.14557594,0.13550094,0.114329144,0.08960115,0.17616159,0.14647359,0.15817456,0.16767314,0.21071531,0.16843328,0.11608643,0.14429916,0.14970921,0.16716617,0.16149086,0.16283488,0.16499206,0.15429126,0.1675018,0.17617536,0.17911397,0.18617114,0.2079972,0.16205373,0.18327472,0.15693492,0.20117903,0.24248187,0.23396212,0.1656159,0.20485434,0.20234834,0.2035673,0.17721844,0.19462335,0.18031164,0.18450844,0.17263375,0.18435581,0.17897764
0.12944114,0.12236337,0.11887656,0.10950634,0.12694657,0.13294926,0.12716721,0.14447436,0.17720237,0.123343,0.14616266,0.1375697,0.1370135,0.12760454,0.109481305,0.110612094,0.104722165,0.12372093,0.13855629,0.13419089,0.18777332,0.15424654,0.21039721,0.14658037,0.18109891,0.17628378,0.1668362,0.17374593,0.1557937,0.17113978,0.19737199,0.18641624,0.20820397,0.13839588,0.15508579,0.15801021,0.10841255,0.1328838,0.11134786,0.10895575,0.10356523,0.09412066,0.0878933,0.12639299,0.13298088,0.13348225,0.1307255,0.14101264,0.14615604,0.097894594,0.11062023,0.12423472,0.13937157,0.12591523,0.13405094,0.1578575,0.12164216,0.12292605,0.124182336,0.1492126,0.1707878,0.17970784,0.13882524,0.15776192,0.14045331,0.17429946,0.15833834,0.15589194,0.13574792,0.15218714,0.15326758,0.15328416,0.15846397,0.14899191,0.15365613,0.15509912,0.15416305,0.17208445,0.11720334
0.1187579,0.11326272,0.11653532,0.119539894,0.12602809,0.14468119,0.12215495,0.13809054,0.14575179,0.16846558,0.12672894,0.12335455,0.13111696,0.1388302,0.13405529,0.14546105,0.11058627,0.17212883,0.103563875,0.12503989,0.18189254,0.19529766,0.24315837,0.18983677,0.22557229,0.18522678,0.16584063,0.17123896,0.1442579,0.22078377,0.2233705,0.23204347,0.23357671,0.1581403,0.25095087,0.23580667,0.17587164,0.25041524,0.13613792,0.122677326,0.09532028,0.09658903,0.07065466,0.10048029,0.120277785,0.11820802,0.12412402,0.15102977,0.12015735,0.08189318,0.10351688,0.1077726,0.1250951,0.14087763,0.14224248,0.1407459,0.13905777,0.14609152,0.15650824,0.18987906,0.19923955,0.21304093,0.16227575,0.15515532,0.15093425,0.1852557,0.19494225,0.18991852,0.1517447,0.15448105,0.16089904,0.16893959,0.16670693,0.17008658,0.14999345,0.14913139,0.14669546,0.14375214,0.13707086
0.16545326,0.18306617,0.15352547,0.17721023,0.16460168,0.18190145,0.17611617,0.16768149,0.14057717,0.20085165,0.15599543,0.14320579,0.13279001,0.15075232,0.15304002,0.1606744,0.14553028,0.17911068,0.17371833,0.16731864,0.2044266,0.27185708,0.2297514,0.24696954,0.23950887,0.19767158,0.19225629,0.15259774,0.13518934,0.24628076,0.20269352,0.20251384,0.20628035,0.20201066,0.27941263,0.26005602,0.18388906,0.260464,0.20247473,0.18531172,0.11958443,0.10351729,0.09867678,0.15552044,0.14904568,0.15944253,0.17362073,0.1767329,0.13523783,0.10195595,0.14009234,0.15638044,0.1330205,0.15200397,0.1413232,0.14683476,0.1681695,0.15835185,0.1421315,0.16605106,0.15675882,0.20029,0.15379208,0.1524843,0.13327885,0.18222643,0.20642939,0.19090006,0.16788557,0.15921664,0.18021356,0.16133001,0.18162696,0.16930509,0.16281024,0.14232443,0.15673327,0.15291038,0.15457708
0.14906034,0.1469049,0.15196392,0.14579895,0.15065312,0.15156682,0.14864905,0.15890366,0.12830755,0.15514511,0.15139513,0.16483831,0.15973578,0.14293431,0.14411215,0.14029601,0.12327707,0.15443346,0.12497194,0.11916219,0.17117193,0.21851295,0.19122304,0.19224551,0.18229109,0.17069404,0.17226005,0.1279741,0.14044248,0.19227415,0.17889442,0.16589974,0.1708899,0.1305109,0.2037972,0.18666732,0.1559543,0.16499805,0.1800048,0.1490676,0.11569695,0.09189135,0.090385675,0.12462577,0.11258581,0.108392745,0.12746035,0.1285178,0.105031416,0.12451767,0.13223425,0.120984375,0.130649,0.1340447,0.12283452,0.15938255,0.14987616,0.13005967,0.14353229,0.18874398,0.16372465,0.18318439,0.14185545,0.1551596,0.12783132,0.17150927,0.19657782,0.17475244,0.15320605,0.15281945,0.15533623,0.1398404,0.16158208,0.15132514,0.15023851,0.16232042,0.16615102,0.16095519,0.15622476
0.16312301,0.14780623,0.13094664,0.13291076,0.13847587,0.13934946,0.14812167,0.16024613,0.1295938,0.1514629,0.15565744,0.17235762,0.16030383,0.13130745,0.11779337,0.13290516,0.12536764,0.12612955,0.115982294,0.12774703,0.14384326,0.16873777,0.13713086,0.15728548,0.15758568,0.15305041,0.176476,0.11591831,0.11494128,0.18273185,0.1528149,0.14997488,0.14373253,0.1254943,0.18308842,0.17124021,0.120618105,0.13360122,0.14498684,0.121902555,0.11788441,0.0926453,0.08751516,0.114405006,0.124937534,0.118831694,0.11967185,0.114566535,0.109027736,0.12575173,0.12977353,0.15256274,0.13414323,0.12950738,0.114096895,0.14138924,0.15355691,0.14950071,0.122029126,0.16575177,0.13530478,0.17663375,0.1397948,0.1466399,0.11906509,0.16265377,0.17218673,0.16627729,0.13980995,0.15133534,0.15516791,0.14050941,0.17067444,0.1437384,0.16481899,0.13643396,0.16957802,0.14488298,0.16938445
0.17566867,0.20624568,0.17208824,0.15759887,0.17102154,0.19454296,0.20565856,0.20440005,0.17024577,0.21252388,0.19134301,0.22246528,0.20927456,0.19352236,0.18558958,0.16753745,0.15933052,0.15257585,0.15793855,0.17508397,0.2549277,0.29112145,0.26132932,0.2589925,0.29059413,0.23207134,0.22628409,0.18929534,0.17758948,0.2880583,0.26873302,0.29088834,0.29547033,0.18905804,0.3152978,0.3002851,0.20679665,0.28173757,0.25061542,0.19092965,0.12449989,0.10542363,0.10485557,0.16777277,0.13393627,0.14860435,0.15174666,0.19207473,0.15552309,0.1354298,0.14313057,0.17942877,0.165051,0.19681865,0.172277,0.17443165,0.1983742,0.1862875,0.21139455,0.20792347,0.17615584,0.21255505,0.17067116,0.1963785,0.14978436,0.19650652,0.24287859,0.21730784,0.19517058,0.21366525,0.22569416,0.19765443,0.24512984,0.22382241,0.22302309,0.19923142,0.22869848,0.1955071,0.18218702
0.14666417,0.13723037,0.124551296,0.11801447,0.14463568,0.1265685,0.15324423,0.15802094,0.12089528,0.13730702,0.16087477,0.1700638,0.144518,0.13851655,0.1326306,0.1643636,0.092687786,0.1629363,0.10248284,0.13893025,0.1946966,0.22668496,0.22068721,0.22938088,0.26323545,0.1818471,0.1548794,0.13817845,0.15172258,0.19609456,0.19752201,0.21357441,0.21815817,0.13368294,0.20627783,0.21929121,0.16789451,0.25188372,0.15392183,0.13956434,0.096604675,0.063842416,0.0808287,0.12877056,0.106721446,0.13655978,0.12787092,0.16863891,0.11137985,0.07579967,0.14396049,0.12781481,0.120348446,0.13144812,0.13477956,0.11874269,0.14931816,0.13306984,0.16502993,0.1871923,0.15240905,0.2146442,0.16444516,0.1603044,0.15470244,0.16554339,0.20117182,0.1590305,0.17264438,0.1700361,0.18420589,0.16014034,0.19582939,0.18541008,0.18151914,0.16001947,0.17010978,0.16949531,0.18320069
0.14561512,0.18277419,0.17525247,0.14822361,0.14905432,0.17309067,0.18513584,0.19630504,0.19043876,0.19610879,0.20297438,0.22678685,0.17354631,0.18620524,0.20094597,0.14878404,0.13315892,0.17895752,0.13454361,0.15671036,0.24745347,0.3179806,0.2875396,0.30874032,0.26986134,0.2272819,0.18292429,0.19155976,0.17392743,0.26595527,0.24421695,0.25843006,0.2504655,0.17081672,0.28361148,0.27739424,0.32563895,0.26572508,0.2758687,0.20486644,0.12999359,0.08657279,0.09637997,0.14147843,0.1503012,0.17220806,0.1582894,0.16101485,0.14818934,0.17034161,0.13950256,0.15730426,0.16649178,0.16967359,0.17318861,0.15839757,0.16831186,0.14478692,0.15984571,0.19634107,0.14177719,0.22278571,0.16144016,0.18899249,0.15039457,0.20175204,0.23336898,0.18878601,0.18518591,0.18837436,0.21814686,0.18239883,0.23546562,0.21220005,0.22405241,0.1840451,0.20891714,0.22154054,0.17925322
0.12115078,0.13874398,0.14225012,0.10835472,0.12630123,0.14125016,0.14704931,0.15809384,0.1696595,0.17452973,0.13887346,0.1538575,0.12996037,0.13459405,0.13776076,0.1307767,0.13264468,0.16343711,0.13230337,0.20237505,0.25921077,0.24094316,0.24837708,0.24496517,0.23710684,0.20394668,0.176516,0.15819749,0.16214299,0.19162232,0.22190058,0.23057169,0.23769887,0.15261841,0.2062602,0.23612621,0.28563577,0.20861533,0.22472337,0.16033378,0.0956508,0.07613509,0.090400785,0.16248223,0.12591827,0.15168466,0.15093088,0.1750662,0.15402767,0.13745217,0.124770924,0.12778671,0.136459,0.12646215,0.14672217,0.12928888,0.12408187,0.09754428,0.09270042,0.14225104,0.11896546,0.14854716,0.11854039,0.15882555,0.09689755,0.1554465,0.13819446,0.13687783,0.11649995,0.11650753,0.11682391,0.11118083,0.13342223,0.103758186,0.13461664,0.08004424,0.11137764,0.1488439,0.15220064
