0.02003411,0.0032095134,0.002357161,0.0041136886,0.0067089414,0.0021607436,0.0026876589,0.004973503,0.010849673,0.01752098,0.012153661,0.006195901,0.00867404,0.019579418,0.008823706,0.0041644135,0.009064518,0.0024580406,0.0038130672,0.0059104394,0.011008305,0.029706333,0.005156435,0.0012565606,0.02038099,0.010765578,0.0012672308,0.0025414855,0.0034213744,0.003055886,0.0011774569,0.002476485,0.0013607764,0.0035949112,0.0078959195,0.0030911756,0.0035195833,0.02192227,0.002119041
0.26947182,0.041834008,0.06390417,0.01929101,0.1987554,0.09897217,0.04178188,0.036168635,0.20510167,0.12869829,0.04414229,0.035007603,0.037371207,0.042702775,0.11126367,0.030261882,0.1398625,0.036463745,0.05067985,0.020759616,0.032006018,0.06558965,0.042661544,0.0083100265,0.111728646,0.26072735,0.046748135,0.037035227,0.041548964,0.1274072,0.06375624,0.027278176,0.01299416,0.020905528,0.20049754,0.034988753,0.035185486,0.2288676,0.37359518
0.049113557,0.010231918,0.011113929,0.003738028,0.045623317,0.0077474597,0.0039215456,0.0042861863,0.04176612,0.054085884,0.014049302,0.00595101,0.011558353,0.012923446,0.03039418,0.010603877,0.090877354,0.010294358,0.006675702,0.001263855,0.010419178,0.039857637,0.0024094798,0.0016925375,0.05420557,0.09526304,0.0056542633,0.003901158,0.0022515708,0.019085662,0.007771335,0.0033488441,0.0005382222,0.003428715,0.03445527,0.0016952873,0.011946247,0.14450602,0.03481106
0.0049679764,0.0008194552,0.0035472915,0.0014172876,0.004699885,0.002496272,0.0014959025,0.003320507,0.0072597554,0.02504765,0.009679185,0.0061356695,0.011551355,0.021434369,0.023952737,0.0037042086,0.021997062,0.0026708115,0.0026427014,0.0017237307,0.029136898,0.038260836,0.0032527077,0.0027643736,0.062290397,0.017425139,0.0010542438,0.0024678183,0.002978639,0.011824247,0.0019045414,0.0008056099,0.00032929907,0.003167833,0.0033023383,0.00091875164,0.007320193,0.008529877,0.005160575
0.0482389,0.057279725,0.08789999,0.17476636,0.091624245,0.084680125,0.13425574,0.20956822,0.053706694,0.0751257,0.1321748,0.16124617,0.09812987,0.16301169,0.12918401,0.04044041,0.025311965,0.041798536,0.056772195,0.056771033,0.0436884,0.007855187,0.015930617,0.061327178,0.0074333674,0.016563762,0.040412504,0.0716299,0.2545753,0.09386795,0.05696359,0.04752139,0.0928026,0.053668104,0.02018231,0.020193284,0.09590164,0.016001962,0.017107977
0.06091958,0.026363205,0.09113514,0.03587577,0.14240442,0.051322855,0.1156431,0.08553775,0.17010877,0.032267284,0.078603484,0.030694848,0.094879724,0.044583987,0.02457278,0.024655884,0.042481933,0.05791024,0.017237086,0.011633697,0.09765024,0.03866904,0.025802001,0.022899514,0.042838573,0.016147902,0.013483105,0.07569656,0.08583489,0.17417622,0.042712875,0.015571136,0.014766541,0.07044903,0.032177195,0.018274926,0.0329861,0.03728733,0.00348418
0.3036257,0.31106326,0.1093463,0.007298048,0.23510551,0.2436509,0.016102789,0.008199746,0.112977766,0.06520754,0.014242545,0.008379386,0.007344388,0.009592534,0.0072389147,0.0020196864,0.10779554,0.24278013,0.035022084,0.018607164,0.006910823,0.09601553,0.06937349,0.008691731,0.052009698,0.062286142,0.11565027,0.014264841,0.011947919,0.32635897,0.19147816,0.010718916,0.007020114,0.0045170723,0.026703872,0.044644352,0.0056031197,0.053239707,0.12079807
0.10712867,0.09715847,0.19613431,0.028051952,0.039765038,0.06585634,0.32624254,0.04039424,0.092009746,0.04139489,0.04871576,0.02416825,0.059195768,0.042882353,0.029071841,0.022866104,0.07851613,0.15673864,0.054535743,0.2456462,0.019935604,0.020529589,0.040192906,0.021414964,0.02250614,0.18924798,0.08583696,0.21445374,0.044901047,0.025169924,0.11256016,0.2186829,0.075409345,0.054778308,0.021099415,0.049738154,0.01763009,0.047555506,0.11105711
0.1515344,0.0352752,0.044935916,0.034253236,0.03762647,0.014243637,0.022157004,0.018331524,0.012543576,0.01785492,0.03038979,0.014731924,0.02129602,0.021847095,0.037023563,0.060213268,0.010853916,0.015931256,0.0130050825,0.016040433,0.0061484072,0.0067055286,0.012211655,0.009593582,0.0051992554,0.037419945,0.023042522,0.038293343,0.025824687,0.07557977,0.06707007,0.067679144,0.024145273,0.026597468,0.021951113,0.02127144,0.015871592,0.026303716,0.029538706
0.09445688,0.039615303,0.07184941,0.022567175,0.048893098,0.0074301604,0.008474288,0.014747929,0.054322645,0.013850398,0.009077879,0.01777732,0.008284905,0.006002269,0.020609392,0.004619459,0.005426732,0.00423264,0.0050410624,0.006380136,0.0036202108,0.0067108683,0.002965549,0.0018152945,0.0020716542,0.02773246,0.0062279264,0.018357124,0.016458249,0.0060912245,0.0075135296,0.0074066,0.0047307154,0.011092516,0.020653632,0.004350414,0.014088792,0.06376075,0.02937126
0.0103816185,0.041812204,0.0895888,0.034654796,0.3549988,0.051096812,0.052178353,0.048903722,0.38892916,0.011887417,0.023608841,0.05557276,0.15296267,0.011752567,0.09760703,0.13339879,0.26177272,0.084901646,0.0819039,0.08494465,0.10088988,0.20627213,0.06306975,0.01634224,0.09739683,0.010547316,0.0028716284,0.07639356,0.04166404,0.16833499,0.07701807,0.03547016,0.015292544,0.04941522,0.29602212,0.024939954,0.027597321,0.46945456,0.0015980025
0.09111121,0.00873574,0.031834725,0.078387626,0.05489471,0.021851793,0.054555543,0.03413467,0.02351182,0.15580297,0.053566225,0.017997276,0.02963016,0.123999305,0.060926042,0.010171652,0.01406609,0.009239932,0.0152880475,0.03274206,0.01912276,0.0027889253,0.010973361,0.0063096476,0.0030434493,0.021288745,0.010688365,0.056041893,0.035572406,0.005093408,0.0143085485,0.038720395,0.016355714,0.0162566,0.007830266,0.029836722,0.010604198,0.008442754,0.021485979
0.09679474,0.022147734,0.030790472,0.045851827,0.055451527,0.08216476,0.058399145,0.048228413,0.056916077,0.040793322,0.094315074,0.027214447,0.07642188,0.07001724,0.040345293,0.028212203,0.032125775,0.038261935,0.02016725,0.014426588,0.019860206,0.016664902,0.022312004,0.0075974483,0.016612789,0.07047152,0.03130167,0.049621835,0.04196264,0.03925793,0.039357755,0.016321944,0.010009321,0.018038861,0.029214812,0.019200753,0.024554823,0.047008604,0.11595535
0.10174701,0.030576486,0.024970988,0.020688334,0.01966567,0.032343797,0.035970718,0.015616536,0.02167688,0.010486327,0.024510974,0.009011492,0.035785828,0.026157476,0.020939426,0.018895214,0.02008355,0.012699126,0.009727288,0.0061259517,0.0063383323,0.015958056,0.011115897,0.0038706788,0.009358685,0.095289536,0.055116553,0.09799866,0.02234868,0.016706232,0.017694913,0.0059961206,0.002803674,0.007886669,0.009551787,0.0050761,0.0062688296,0.019683812,0.07089664
0.058163315,0.022882536,0.05699841,0.05025938,0.06884833,0.02118778,0.030961165,0.022484388,0.031729486,0.017912863,0.01983965,0.0126435645,0.036667034,0.024129469,0.033907987,0.013530748,0.016422343,0.016609512,0.007689565,0.0065106624,0.01265346,0.006738634,0.023437329,0.006731819,0.010578338,0.03922296,0.0098729,0.036914714,0.01908084,0.02715512,0.010621995,0.01194397,0.0070092133,0.016814029,0.0112386495,0.013901419,0.020500544,0.046917442,0.09096821
0.087180726,0.026235823,0.049070105,0.029580269,0.034180835,0.02133516,0.094013765,0.022879025,0.052028865,0.065420255,0.025753679,0.017258244,0.042825554,0.019015003,0.016925974,0.02285951,0.023420269,0.023525441,0.010205158,0.009231583,0.023517225,0.013988325,0.0352364,0.007872157,0.018938553,0.11859379,0.025135508,0.13385758,0.02326586,0.050362997,0.03043838,0.02522311,0.006447634,0.021348944,0.017961001,0.01865356,0.028616762,0.11686608,0.22909279
0.02085486,0.0077784434,0.02382762,0.003997623,0.041016955,0.025292445,0.030343782,0.010097917,0.035463095,0.011533314,0.0074580056,0.002571594,0.010561747,0.0084364945,0.010878871,0.0032068794,0.015189858,0.020282336,0.00822914,0.012505966,0.008002036,0.01881373,0.019748354,0.0017193042,0.0077721425,0.006120677,0.0022114064,0.015685827,0.0054498133,0.11894786,0.012471281,0.012598977,0.0012570174,0.0062920037,0.005813219,0.019007469,0.004550968,0.007767,0.0063418327
0.0317856,0.014099027,0.018251635,0.010726794,0.0078048254,0.025395924,0.03353624,0.009346174,0.02559372,0.03228751,0.013909188,0.0074520875,0.005299167,0.008326947,0.016198803,0.0036764846,0.011588147,0.007538669,0.01120611,0.042042665,0.0069310097,0.009227036,0.024474373,0.004341961,0.0037415905,0.06732388,0.009270178,0.037303735,0.0042203194,0.012346742,0.02489559,0.0163865,0.0049070334,0.008378539,0.01376058,0.0056938888,0.009723751,0.012655149,0.04122389
0.043027777,0.010453479,0.025882103,0.004214639,0.061852966,0.010865268,0.010628888,0.015574896,0.10335762,0.0094652325,0.021147259,0.007831073,0.016044712,0.016214306,0.02716618,0.0077233003,0.044005085,0.057825103,0.02649229,0.005621172,0.0065797963,0.031144451,0.015631244,0.005457158,0.053122085,0.02703288,0.015811427,0.008967799,0.010679254,0.07689257,0.010324708,0.012268576,0.0052003977,0.016827973,0.054283235,0.01654196,0.013371444,0.08245026,0.028700026
0.10031994,0.007909808,0.042085625,0.0067621423,0.1290308,0.0045791925,0.003151841,0.006768046,0.09087781,0.027599873,0.009601944,0.005736049,0.011438093,0.010508321,0.021181544,0.006079672,0.024044663,0.014692997,0.01667611,0.005547746,0.018607022,0.051401865,0.019487748,0.0062866807,0.04997116,0.049215004,0.020680245,0.010920445,0.0066113654,0.04446438,0.0075355973,0.0043621133,0.004443775,0.018897114,0.06733266,0.0053781616,0.014373414,0.10436523,0.041903216
0.0066912724,0.018854845,0.012536853,0.071778044,0.078936145,0.0056994255,0.003944615,0.016380299,0.05439979,0.0068552066,0.014451,0.010783385,0.014135013,0.004106857,0.030630102,0.006801116,0.036784448,0.0829145,0.009716715,0.0017149436,0.014783944,0.008680113,0.0062268185,0.0022405863,0.0066614035,0.0012003424,0.003105857,0.009294819,0.033474036,0.13880546,0.012882703,0.0033693733,0.0023683212,0.017950954,0.022870565,0.007961104,0.016135646,0.0867581,0.00087341166
0.01424801,0.015400797,0.015966173,0.0071213567,0.011641213,0.016097117,0.008596926,0.008586771,0.01164653,0.0069509745,0.0343355,0.006854216,0.013774958,0.032964755,0.018397307,0.004486989,0.011665544,0.023116743,0.011242082,0.017037362,0.0066253413,0.0059830155,0.024154868,0.007350131,0.008029946,0.027434196,0.010377713,0.0074855974,0.009066183,0.08811554,0.009308904,0.006840071,0.0035838196,0.008355434,0.010072694,0.0076600234,0.0036184776,0.00810427,0.0129808085
0.031243246,0.03914545,0.039854653,0.005614483,0.018487478,0.006037372,0.0057214457,0.0064357845,0.016383376,0.006894709,0.008205949,0.008822912,0.0055357497,0.0057887994,0.016803803,0.0037890538,0.039482895,0.030953258,0.0057096314,0.010621968,0.005316342,0.008704172,0.00855973,0.006649208,0.010438551,0.026018476,0.010697928,0.01529621,0.010825222,0.044669267,0.016645538,0.007989437,0.004705886,0.006692655,0.013166883,0.008214375,0.005348656,0.04029427,0.032121625
0.022810362,0.062866144,0.101117484,0.11662073,0.012040586,0.012505935,0.011256971,0.0233255,0.019382324,0.008525947,0.017251393,0.009619587,0.011278013,0.009018058,0.023467831,0.012385,0.008600566,0.011025289,0.010758534,0.013752348,0.018305272,0.006372653,0.019967793,0.018114137,0.006914047,0.0072873347,0.010347247,0.038578797,0.06242149,0.03555785,0.016669901,0.015130572,0.010855061,0.016905539,0.021009697,0.009563823,0.02981474,0.02965535,0.015826825
0.031977363,0.025774421,0.040832378,0.055157863,0.05316877,0.041919257,0.029192176,0.08397992,0.09350097,0.043550435,0.06079454,0.03328511,0.061352372,0.04574182,0.02867644,0.068897404,0.042497046,0.02349349,0.018002355,0.010393958,0.095383845,0.039714687,0.036764983,0.10612355,0.02469722,0.02114678,0.07963981,0.048893917,0.09321877,0.10884889,0.020305188,0.019034069,0.025709428,0.027995678,0.020775966,0.026590962,0.067420565,0.13146843,0.017137919
0.22726671,0.16433391,0.07302246,0.123351395,0.16971813,0.107646,0.070358336,0.08790261,0.1175242,0.11612772,0.12319895,0.11576029,0.11487521,0.13130909,0.1856262,0.05414521,0.09468819,0.12601854,0.12213553,0.043071758,0.024108415,0.07406092,0.05655727,0.013634644,0.06540431,0.14156312,0.1183367,0.07282897,0.10917468,0.29778722,0.16847882,0.091119684,0.060487144,0.060968615,0.08060926,0.07358484,0.05780671,0.13505308,0.25087687
0.043139838,0.010707716,0.046449132,0.03617139,0.13015077,0.08792181,0.016492838,0.017743768,0.039286807,0.03254079,0.024887864,0.011582509,0.018153392,0.016738841,0.027502023,0.013360691,0.024937617,0.061553895,0.022536645,0.033971675,0.061642215,0.026885921,0.0464772,0.035301387,0.03034551,0.007480788,0.022773247,0.013278901,0.023893734,0.06247061,0.042743053,0.010796966,0.008393505,0.013669106,0.021331146,0.01807379,0.026454626,0.040394347,0.025428226
0.05428522,0.01650331,0.101157084,0.024883114,0.11191251,0.026886694,0.01987752,0.020097189,0.086400844,0.050743423,0.0120965345,0.009651474,0.013882852,0.020011183,0.024254449,0.011736457,0.041550256,0.016336327,0.035500124,0.022904359,0.01240642,0.021713752,0.15022808,0.018854683,0.032189954,0.02321285,0.016999515,0.041607216,0.04400377,0.09387159,0.024780683,0.027432038,0.012907004,0.038734846,0.05265973,0.05970525,0.042139962,0.08505265,0.05540923
0.11358711,0.06258442,0.1318385,0.070420556,0.12144701,0.07265561,0.08003024,0.10470846,0.10979472,0.05958867,0.07065993,0.12540923,0.35997945,0.1771623,0.1538044,0.14042385,0.111449115,0.12477373,0.059186064,0.085171156,0.067402646,0.10249075,0.020352524,0.028225979,0.035946198,0.04540138,0.020033699,0.05827612,0.107073896,0.07887805,0.042386144,0.032145187,0.03492161,0.10011558,0.067793556,0.01976252,0.026864747,0.049237825,0.054557316
0.03503681,0.019550206,0.03921083,0.017699005,0.040932026,0.02866627,0.10242648,0.07602125,0.09198774,0.07532449,0.1705239,0.11433675,0.18155181,0.18627657,0.17633045,0.12893714,0.13263786,0.14149559,0.11913359,0.0568915,0.04460795,0.07310464,0.03632219,0.059795216,0.06527792,0.07785676,0.03332112,0.074065395,0.08424763,0.08723441,0.054276355,0.07153861,0.06364142,0.087063156,0.097699024,0.029094752,0.060551222,0.09295941,0.042671874
0.06405638,0.015416689,0.022176692,0.007945289,0.0857907,0.08682191,0.055342507,0.06783711,0.07872284,0.19421397,0.116140276,0.05860874,0.120386615,0.15785322,0.14857028,0.06736329,0.06479863,0.052695394,0.04698143,0.012181098,0.026385494,0.035924524,0.08432876,0.030037856,0.036623154,0.037356514,0.0407742,0.026138093,0.04267377,0.17667314,0.13482015,0.0640085,0.043782223,0.053033195,0.05358393,0.07241066,0.052406706,0.077315755,0.04402416
0.036333114,0.013495244,0.021955041,0.015649598,0.03686259,0.0710628,0.0605231,0.021686988,0.09599407,0.22386032,0.062278904,0.019490374,0.103202835,0.10202178,0.05344003,0.063987985,0.12430178,0.11025515,0.07307652,0.10938528,0.052882012,0.18390179,0.051096864,0.027935097,0.17348066,0.13886665,0.01716991,0.035158645,0.017121872,0.13669415,0.1238855,0.05924117,0.021675402,0.054078456,0.1251168,0.056618717,0.01889749,0.13174608,0.08851362
