0.10840261,0.16184562,0.36023423,0.26266518,0.24195702,0.18257412,0.15067674,0.08056258,0.11305552,0.2606651,0.24149461,0.16961884,0.047267657,0.33974832,0.115719035,0.09345238,0.04992119,0.06966649,0.12519985,0.036250874,0.119941965
0.07903792,0.03545873,0.05719131,0.049958296,0.0271289,0.036471155,0.028298145,0.0339555,0.036103666,0.035025608,0.029281108,0.02970507,0.030293148,0.05445317,0.049385857,0.021942984,0.046793997,0.032756,0.02940358,0.036715575,0.02450855
0.022352759,0.027457505,0.03309798,0.04807539,0.026455402,0.023834836,0.013072531,0.026591418,0.028476648,0.023386125,0.03009071,0.033917446,0.022490358,0.04880442,0.020831125,0.017652405,0.02354538,0.017259883,0.044966247,0.013787095,0.023037307
0.060421363,0.07982819,0.11130818,0.12964071,0.23173603,0.062270906,0.04259651,0.048694924,0.09334218,0.14594322,0.18954347,0.0501456,0.05089307,0.22883865,0.060130708,0.11867665,0.053192943,0.10488315,0.15334366,0.033196367,0.09580452
0.033146918,0.0458398,0.040303722,0.08924193,0.05362864,0.058992572,0.039445207,0.060506858,0.079372816,0.03762121,0.057791177,0.086960785,0.04478978,0.045023926,0.07347116,0.03005751,0.07266018,0.040742002,0.020726236,0.05596119,0.037878454
0.013356958,0.0654606,0.037797406,0.048079073,0.060330413,0.08331506,0.082432635,0.075108856,0.097807966,0.013596034,0.062199138,0.12356362,0.06352882,0.02186605,0.12908062,0.012900873,0.12137686,0.03840296,0.011342442,0.10284286,0.019684942
0.019691754,0.08273901,0.066273436,0.082816735,0.09277893,0.0820296,0.0542756,0.042303,0.043301735,0.025542775,0.06825978,0.123488575,0.03970973,0.03311355,0.061989833,0.014241399,0.048452638,0.02234004,0.008417938,0.026032655,0.01629154
0.020744251,0.039374664,0.021341639,0.01946554,0.018886099,0.023455048,0.015274046,0.027631998,0.023201559,0.015251787,0.02089203,0.023768608,0.03477705,0.014610787,0.061485108,0.015159612,0.054542765,0.031081343,0.015194685,0.035442792,0.015632404
0.020874219,0.104374826,0.031951427,0.03771168,0.024866737,0.06417384,0.042018853,0.06148843,0.055497754,0.021032276,0.039141316,0.08200783,0.056206472,0.03158525,0.058195323,0.024881525,0.029383432,0.03091309,0.011417613,0.021899771,0.023329591
0.024765702,0.01729473,0.019674877,0.020224674,0.017986128,0.023637315,0.013404423,0.01755991,0.031419057,0.019482633,0.012315985,0.019335603,0.01791042,0.021915382,0.021046238,0.015571819,0.017278636,0.018864496,0.013759343,0.015821407,0.020806976
0.074010365,0.0488528,0.02106828,0.07616228,0.033188224,0.15698405,0.07603917,0.037418343,0.09535212,0.026321866,0.03348798,0.08658619,0.06534403,0.01762818,0.08445152,0.021897586,0.098896906,0.03659797,0.033670742,0.041215096,0.020273225
0.008741181,0.0399763,0.020019071,0.019868685,0.021330953,0.022233045,0.011671007,0.038975842,0.017157497,0.008566142,0.017955305,0.040406607,0.04221385,0.01866236,0.084818274,0.017596383,0.100685805,0.021100901,0.010671987,0.045175202,0.012711115
0.016572675,0.02096498,0.030564986,0.021317549,0.0125531815,0.013616292,0.008043922,0.010078705,0.01490431,0.012490133,0.012940332,0.012080522,0.015113258,0.013188312,0.014029631,0.008720343,0.012368348,0.01274499,0.014389549,0.010930431,0.0093225585
0.0068577165,0.020429704,0.015216302,0.010338797,0.0049586394,0.008514424,0.006296844,0.0062530944,0.009333926,0.009175862,0.009308817,0.011775789,0.011412415,0.013933373,0.022265334,0.01407755,0.01633003,0.012052033,0.005095112,0.011705708,0.019375842
0.016926566,0.017359724,0.021407992,0.019265011,0.018527785,0.010533224,0.009278739,0.0067510083,0.009330063,0.01358602,0.016087899,0.010728151,0.00801149,0.01886026,0.0154458685,0.009997333,0.014589505,0.009937437,0.0098278485,0.009267341,0.007658931
0.004634624,0.018062893,0.020677954,0.0146263745,0.0075011468,0.011439344,0.009083712,0.0106709255,0.015782291,0.004530416,0.009206084,0.0145407235,0.013565445,0.007878995,0.014289513,0.0038348322,0.014005246,0.0062052575,0.0045592035,0.012833381,0.0030433612
0.19171956,0.07741295,0.09859472,0.20063318,0.11703092,0.09044527,0.04907137,0.058583733,0.17850412,0.22108348,0.09973975,0.051859733,0.08495571,0.14979464,0.08638895,0.12654063,0.08433346,0.11032875,0.30283794,0.08151979,0.18064699
0.07319213,0.02929945,0.038107596,0.029079614,0.014131668,0.046976563,0.01588708,0.025582105,0.03542013,0.03150219,0.022165108,0.027789284,0.036076035,0.03376999,0.028961977,0.028888559,0.022838006,0.02671411,0.066235006,0.019469937,0.08093923
0.25382844,0.3602584,0.28811637,0.3461769,0.241786,0.32184207,0.35504407,0.07210966,0.23694877,0.17608505,0.30119315,0.36688188,0.16583222,0.19904262,0.26521987,0.1379689,0.27956498,0.15580022,0.085221335,0.16115801,0.17538323
0.2610661,0.24298522,0.25890186,0.40999946,0.34114918,0.22862911,0.18532647,0.07214969,0.23968534,0.2773631,0.22789198,0.15776958,0.08013486,0.14606263,0.21146333,0.16917922,0.1475782,0.17338204,0.27197033,0.09659266,0.18212919
0.07853271,0.06664184,0.05720318,0.06722593,0.05374059,0.04933441,0.038589083,0.031113783,0.060051564,0.054937232,0.03101831,0.034736104,0.038589105,0.037067644,0.061772283,0.031130893,0.05379646,0.03703706,0.039678022,0.03814522,0.030234717
0.013804253,0.036331806,0.037845727,0.062143408,0.052031197,0.041703284,0.020632455,0.0113236355,0.030426383,0.031203182,0.03133841,0.029612517,0.020610794,0.03330275,0.028339118,0.016338218,0.018213114,0.01908409,0.012467929,0.011442254,0.02069349
0.015594194,0.013012358,0.021957371,0.03767353,0.02728124,0.010798529,0.00990521,0.0074154246,0.022580566,0.030899579,0.025252763,0.014893629,0.014938601,0.035612635,0.019508397,0.0138013,0.014808934,0.016808286,0.012332663,0.014446778,0.024076123
0.31448168,0.19918694,0.14781654,0.1666404,0.13532637,0.111885406,0.054636527,0.073753834,0.13678876,0.2009828,0.18901305,0.12757266,0.16555957,0.2743698,0.16221967,0.14894657,0.11811146,0.11910882,0.091099985,0.09980638,0.28880602
0.035999183,0.06705564,0.031822126,0.019683145,0.03137138,0.030386975,0.021037301,0.024935389,0.026905604,0.025154622,0.033390794,0.08539073,0.053261377,0.017549803,0.049205583,0.019681197,0.05401039,0.028077357,0.010849212,0.02925296,0.016998649
0.022479566,0.12825792,0.05199431,0.037877373,0.03305283,0.060710628,0.044648115,0.027580807,0.03058412,0.015885169,0.036526073,0.047385182,0.02290615,0.023148011,0.050109,0.01445237,0.04260884,0.027411485,0.011807236,0.023576455,0.020508107
0.0057937233,0.022862988,0.02986744,0.030789383,0.01598173,0.023189988,0.023423407,0.008735195,0.028241748,0.02429958,0.012249792,0.00996145,0.016430907,0.027553495,0.050942134,0.019639092,0.020571971,0.017119221,0.016272817,0.012054859,0.013410963
0.0253334,0.04691881,0.037632115,0.030204367,0.018586654,0.022176903,0.021163512,0.036747742,0.024022136,0.018945437,0.03519087,0.0477075,0.037758734,0.0449503,0.06331257,0.03185393,0.05005065,0.024555435,0.018811066,0.02914644,0.022132277
0.022730134,0.02208428,0.034430772,0.024375658,0.015419907,0.032835167,0.011429851,0.04913319,0.04383338,0.013390879,0.012449997,0.032010663,0.061092023,0.01645211,0.025131175,0.009831917,0.06396041,0.016228171,0.011454213,0.09178844,0.02033045
0.010178935,0.025460755,0.01864743,0.022807341,0.009286611,0.04111898,0.017703604,0.017988287,0.04542104,0.019343784,0.010627104,0.038754705,0.02378901,0.02922044,0.034375258,0.019353468,0.05233947,0.020764777,0.016590882,0.02341151,0.016643958
0.023851052,0.049403083,0.029617,0.02104058,0.021803854,0.044149738,0.03837411,0.060188234,0.036943845,0.014864973,0.021874016,0.09611498,0.11796915,0.027186342,0.08537358,0.01479079,0.054239225,0.020610133,0.013770228,0.03612216,0.024477927
0.02784907,0.08561238,0.0285325,0.041785218,0.05204005,0.10599514,0.048667815,0.039870106,0.031185938,0.022423713,0.049861137,0.1373414,0.032409173,0.03599589,0.0815628,0.016148543,0.10915218,0.035374388,0.011268682,0.050540783,0.020399658
